ID,Module,Tên nhóm,Phase,Trạng thái,Owner,Yêu cầu,Bằng chứng nguồn,Liên quan,Nghiệm thu nhóm,Evidence,Decision/Gaps,Commit/Môi trường
H01.01,H01,Đăng ký đăng nhập và khôi phục,P1,In progress,Codex (implementation/test); PO acceptance pending,"Đăng ký: tên đầy đủ, tên doanh nghiệp, email, số điện thoại, mật khẩu; giữ thứ tự theo form nguồn. Không đưa wizard tri thức vào giữa luồng đăng ký.","T: đã tạo sandbox; P: xác thực email, đăng nhập lại, reset và lỗi.",H02 H22 H23,Tạo mới → xác thực → logout → login; sai mật khẩu; link hết hạn; cùng email; refresh; truy cập khi chưa có membership. Cần screenshot từng trạng thái trước khi chốt parity.,delivery/evidence/core-platform-ai-agent-2026-09-25.txt; delivery/evidence/h01-local-token-verification.txt,D001–D005; G001/G002 visual parity open; external email not verified; module acceptance incomplete; local signup smoke HTTP 202; email/browser acceptance pending,codex/chatbot-delivery; local PostgreSQL 16; 127.0.0.1:4317
H01.02,H01,Đăng ký đăng nhập và khôi phục,P1,In progress,Codex (implementation/test); PO acceptance pending,"Xác thực: tài khoản hiện có banner chưa xác thực và Gửi lại email xác thực. Chưa thử link hết hạn, link đã dùng hoặc resend cooldown.","T: đã tạo sandbox; P: xác thực email, đăng nhập lại, reset và lỗi.",H02 H22 H23,Tạo mới → xác thực → logout → login; sai mật khẩu; link hết hạn; cùng email; refresh; truy cập khi chưa có membership. Cần screenshot từng trạng thái trước khi chốt parity.,delivery/evidence/core-platform-ai-agent-2026-09-25.txt,D001–D005; G001/G002 visual parity open; external email not verified; module acceptance incomplete; local signup smoke HTTP 202; email/browser acceptance pending,codex/chatbot-delivery; local PostgreSQL 16; 127.0.0.1:4317
H01.03,H01,Đăng ký đăng nhập và khôi phục,P1,In progress,Codex (implementation/test); PO acceptance pending,Đăng nhập: email/mật khẩu và liên kết khôi phục phải có đặc tả riêng. Không suy ra remembered session là đăng nhập lại đã đạt.,"T: đã tạo sandbox; P: xác thực email, đăng nhập lại, reset và lỗi.",H02 H22 H23,Tạo mới → xác thực → logout → login; sai mật khẩu; link hết hạn; cùng email; refresh; truy cập khi chưa có membership. Cần screenshot từng trạng thái trước khi chốt parity.,delivery/evidence/core-platform-ai-agent-2026-09-25.txt,D001–D005; G001/G002 visual parity open; external email not verified; module acceptance incomplete; local signup smoke HTTP 202; email/browser acceptance pending,codex/chatbot-delivery; local PostgreSQL 16; 127.0.0.1:4317
H01.04,H01,Đăng ký đăng nhập và khôi phục,P1,In progress,Codex (implementation/test); PO acceptance pending,"Thiết kế GoTek: báo lỗi theo trường, chống submit trùng, không lộ email có tồn tại; redirect đúng workspace sau xác thực. Các tình huống này cần PO chốt sau khảo sát.","T: đã tạo sandbox; P: xác thực email, đăng nhập lại, reset và lỗi.",H02 H22 H23,Tạo mới → xác thực → logout → login; sai mật khẩu; link hết hạn; cùng email; refresh; truy cập khi chưa có membership. Cần screenshot từng trạng thái trước khi chốt parity.,delivery/evidence/core-platform-ai-agent-2026-09-25.txt,D001–D005; G001/G002 visual parity open; external email not verified; module acceptance incomplete; local signup smoke HTTP 202; email/browser acceptance pending,codex/chatbot-delivery; local PostgreSQL 16; 127.0.0.1:4317
H02.01,H02,Workspace và ngữ cảnh doanh nghiệp,P1,In progress,Codex (implementation/test); PO acceptance pending,"Ghi rõ account/workspace đang hoạt động ở sidebar; account214 chỉ là ID khảo sát, không hard-code.",O/T: account214 và menu workspace; P: tạo/chuyển workspace thứ hai.,H01 H16 H22 H28,Hai workspace và hai tài khoản: URL sửa account ID không trả dữ liệu; quay lại không thấy cache chéo; thành viên bị thu hồi không tiếp tục thao tác.,delivery/evidence/p1-api-tests.txt; delivery/evidence/p1-restore-drill.json; delivery/contracts/P0-P1.md,D001–D005; G001/G002 visual parity open; external email not verified; module acceptance incomplete,codex/chatbot-delivery; local PostgreSQL 16; 127.0.0.1:4317
H02.02,H02,Workspace và ngữ cảnh doanh nghiệp,P1,In progress,Codex (implementation/test); PO acceptance pending,"Cài đặt doanh nghiệp: đối chiếu tên, ngôn ngữ và thiết lập được nguồn hiển thị; giữ form trong Cài đặt, không tự chuyển thành màn landing.",O/T: account214 và menu workspace; P: tạo/chuyển workspace thứ hai.,H01 H16 H22 H28,Hai workspace và hai tài khoản: URL sửa account ID không trả dữ liệu; quay lại không thấy cache chéo; thành viên bị thu hồi không tiếp tục thao tác.,delivery/evidence/p1-api-tests.txt; delivery/evidence/p1-restore-drill.json; delivery/contracts/P0-P1.md,D001–D005; G001/G002 visual parity open; external email not verified; module acceptance incomplete,codex/chatbot-delivery; local PostgreSQL 16; 127.0.0.1:4317
H02.03,H02,Workspace và ngữ cảnh doanh nghiệp,P1,In progress,Codex (implementation/test); PO acceptance pending,"Khi chuyển workspace, tải lại membership và dữ liệu có scope; xóa cache UI của workspace trước. Đây là yêu cầu GoTek.",O/T: account214 và menu workspace; P: tạo/chuyển workspace thứ hai.,H01 H16 H22 H28,Hai workspace và hai tài khoản: URL sửa account ID không trả dữ liệu; quay lại không thấy cache chéo; thành viên bị thu hồi không tiếp tục thao tác.,delivery/evidence/p1-api-tests.txt; delivery/evidence/p1-restore-drill.json; delivery/contracts/P0-P1.md; delivery/evidence/h03-scoped-drafts-tests.txt,D001–D005; G001/G002 visual parity open; external email not verified; module acceptance incomplete Draft keys scoped to user/workspace; malformed entries rejected; keyed hydration prevents writes before matching scope load. Browser reload/switch and pending-send persistence remain open.,codex/chatbot-delivery; local PostgreSQL 16; 127.0.0.1:4317
H02.04,H02,Workspace và ngữ cảnh doanh nghiệp,P1,In progress,Codex (implementation/test); PO acceptance pending,"Mời thành viên, giới hạn người dùng và quyền cấu hình nối H16/H23; không coi dropdown chọn account là kiểm thử tenant isolation.",O/T: account214 và menu workspace; P: tạo/chuyển workspace thứ hai.,H01 H16 H22 H28,Hai workspace và hai tài khoản: URL sửa account ID không trả dữ liệu; quay lại không thấy cache chéo; thành viên bị thu hồi không tiếp tục thao tác.,delivery/evidence/p1-api-tests.txt; delivery/evidence/p1-restore-drill.json; delivery/contracts/P0-P1.md Pending invitation seat count is workspace-scoped (`workspace_id` predicate); auth/platform regression 3/3 pass. Browser invitation acceptance remains open.,D001–D005; G001/G002 visual parity open; external email not verified; module acceptance incomplete,codex/chatbot-delivery; local PostgreSQL 16; 127.0.0.1:4317
H03.01,H03,Inbox hội thoại và chuyển người,P2,In progress,Chưa gán,"Danh sách: tìm kiếm; trạng thái Mở; Của tôi, Chưa được phân công, Tất cả; sidebar kênh và nhãn. Screenshot inbox-empty là mốc hình học hiện có.",O: danh sách trống và bộ lọc; P: hội thoại có dữ liệu và takeover thực.,H04 H08 H13 H16 H18 H19 H24 H29,AI đang tạo câu trả lời thì agent takeover: câu AI cũ không được gửi. Hai agent tranh nhận; mất mạng/retry không nhân đôi; giải quyết rồi khách nhắn lại theo cấu hình.,; tests/widget.test.ts; delivery/evidence/p2-current-tests.txt; delivery/evidence/h03-assignment-filter-tests.txt; research/ui-evidence/inbox-empty.png; delivery/evidence/h03-filter-layout-build.txt,"Server applies mine/unassigned before LIMIT; UI refresh preserves filters. API positive/negative and other-workspace checks pass. Pagination, labels/sidebar and browser parity remain open. Source-based horizontal filters/title/empty-detail placement applied; render comparison and full theme/sidebar parity pending.",
H03.02,H03,Inbox hội thoại và chuyển người,P2,Backlog,Chưa gán,"Mở hội thoại: cần thu ảnh đầy đủ composer, timeline, thông tin khách, assignment và menu hành động. Không dựng chi tiết panel chưa quan sát thành HiChat đã xác minh.",O: danh sách trống và bộ lọc; P: hội thoại có dữ liệu và takeover thực.,H04 H08 H13 H16 H18 H19 H24 H29,AI đang tạo câu trả lời thì agent takeover: câu AI cũ không được gửi. Hai agent tranh nhận; mất mạng/retry không nhân đôi; giải quyết rồi khách nhắn lại theo cấu hình.,,,
H03.03,H03,Inbox hội thoại và chuyển người,P2,In progress,Codex,GoTek core: agent nhận quyền trả lời; khách yêu cầu người thật; trạng thái AI_ACTIVE → HANDOFF_PENDING → HUMAN_ACTIVE; tiếp tục AI phải có hành động rõ.,O: danh sách trống và bộ lọc; P: hội thoại có dữ liệu và takeover thực.,H04 H08 H13 H16 H18 H19 H24 H29,AI đang tạo câu trả lời thì agent takeover: câu AI cũ không được gửi. Hai agent tranh nhận; mất mạng/retry không nhân đôi; giải quyết rồi khách nhắn lại theo cấu hình.,tests/chat-store.test.ts; delivery/evidence/p2-api-tests.txt; delivery/contracts/P2-CHAT.md Full local regression after core changes: 128/128 tests pass; unknown jobs remain non-auto-retry pending operator receipt workflow.,"D013; storage only, scoped API/widget/inbox/receipt and browser acceptance pending; Resume AI verified via Express HTTP handlers and real PostgreSQL: concurrent requests yield 200/409, exactly one audit, visitor state AI_ACTIVE/version 3, no old-message enqueue, late human reply rejected, next visitor retry enqueues exactly one job. Focused tests 2/2 pass; browser/provider acceptance open.; Widget message retries now lock conversation and detect prior receipt before AI enqueue. PostgreSQL/API tests cover old human-phase retry after resume and AI-phase retry after takeover/resume; no new jobs or idempotency conflicts. Focused 2/2 and build PASS; browser acceptance pending.; Visitor POST /widget-api/:key/handoff added: origin/session guarded, strict empty payload, serialized AI_ACTIVE to HANDOFF_PENDING transition increments owner_version once under concurrent requests. Subsequent visitor messages enqueue no AI jobs. API/PostgreSQL and chat ownership tests 2/2 PASS; build PASS. SDK/UI integration and live provider in-flight handoff acceptance remain open.; In-flight AI handoff now verified through actual visitor HTTP handler and real PostgreSQL, replacing direct SQL ownership mutation in worker integration test. Handoff returns version 2 and AI commit rejects STALE_REPLY_OWNER; obsolete output absent from messages. Injected provider only, not live model. Focused 3/3 PASS.; Explicit visitor handoff reopens resolved/snoozed conversations while preserving HUMAN_ACTIVE assignee and ownership version. Repeated pending handoff does not advance version. API/PostgreSQL regression 3/3 PASS. Provisional GoTek reopen policy; HiChat parity and browser controls still unverified.; Added short pre-chat transaction after embedding: validates active workspace, job lease, AI ownership/version and current published sources. Real API takeover during injected embedding yields one embedding call, ZERO chat calls and HUMAN_ACTIVE preserved. TypeScript and grounded integration PASS. Final commit fence remains; instantaneous post-check races are still fenced at commit, not claimed impossible before external I/O.",codex/chatbot-delivery; local PostgreSQL 16
H03.04,H03,Inbox hội thoại và chuyển người,P2,In progress,Codex,Tin nhắn gửi phải có pending/sent/failed và retry; ghi chú nội bộ không ra widget; draft không mất khi đổi hội thoại. Cần đo receipt phía khách.,O: danh sách trống và bộ lọc; P: hội thoại có dữ liệu và takeover thực.,H04 H08 H13 H16 H18 H19 H24 H29,AI đang tạo câu trả lời thì agent takeover: câu AI cũ không được gửi. Hai agent tranh nhận; mất mạng/retry không nhân đôi; giải quyết rồi khách nhắn lại theo cấu hình.,delivery/evidence/h03-draft-hydration.txt; delivery/evidence/h03-scoped-drafts-tests.txt; delivery/evidence/h03-pending-tests.txt; delivery/evidence/h03-retry-owner-tests.txt Full local regression after core changes: 128/128 tests pass; unknown jobs remain non-auto-retry pending operator receipt workflow.,"Draft hydration guard implemented; browser reload acceptance pending. Draft keys scoped to user/workspace; malformed entries rejected; keyed hydration prevents writes before matching scope load. Browser reload/switch and pending-send persistence remain open. Pending payload persisted before POST, restored with original id/body/visibility. Storage failure blocks dispatch. Browser offline/reload and multi-tab conflict handling pending. Retry after takeover verified at scoped service/DB level: old committed ID returns same message; new send denied; removed channel membership denies even retry. Browser pending retry remains open.",codex/chatbot-delivery; local PostgreSQL 16
H03.05,H03,Inbox hội thoại và chuyển người,P2,Backlog,Chưa gán,"Resolve/reopen/snooze, phân công và đổi ưu tiên nối automation/macro; tất cả thay đổi phải cập nhật realtime và audit.",O: danh sách trống và bộ lọc; P: hội thoại có dữ liệu và takeover thực.,H04 H08 H13 H16 H18 H19 H24 H29,AI đang tạo câu trả lời thì agent takeover: câu AI cũ không được gửi. Hai agent tranh nhận; mất mạng/retry không nhân đôi; giải quyết rồi khách nhắn lại theo cấu hình.,,,
H04.01,H04,Tạo kênh website và nhúng SDK,P2,In progress,Codex,Wizard chọn loại kênh Website; nhập tên website/domain và thông tin hiển thị theo form nguồn.,T: inbox269 tạo xong; P: widget visitor gửi nhận thật.,H02 H05 H06 H07 H03,"Website test mở launcher, gửi tin, inbox nhận, agent trả lời, khách nhận; reload giữ session đúng; domain khác bị từ chối; không có secret trong bundle.",delivery/contracts/P2-CHANNEL.md; tests/channels.test.ts; delivery/evidence/p2-api-tests.txt; delivery/CHECKPOINT.md; src/server/channels.ts; src/web/Channels.tsx; tests/channels.test.ts Widget rate limiting is channel-scoped by public key plus IPv6-safe client IP; focused widget API test 1/1 and TypeScript pass. Browser/multi-origin acceptance remains open.,Channel enable/disable API/UI with audit implemented; canonical SDK contract test 1/1 and full suite 75/75; widget/inbox browser lifecycle acceptance and parity remain open.,codex/chatbot-delivery; local PostgreSQL 16
H04.02,H04,Tạo kênh website và nhúng SDK,P2,In progress,Codex,"Bước agent chọn thành viên; hoàn tất kênh và chuyển cài đặt hoặc mã nhúng. Inbox269 là sandbox đã tạo, không dùng làm ID GoTek.",T: inbox269 tạo xong; P: widget visitor gửi nhận thật.,H02 H05 H06 H07 H03,"Website test mở launcher, gửi tin, inbox nhận, agent trả lời, khách nhận; reload giữ session đúng; domain khác bị từ chối; không có secret trong bundle.",delivery/contracts/P2-CHANNEL.md; tests/channels.test.ts; delivery/evidence/p2-api-tests.txt; delivery/CHECKPOINT.md Widget rate limiting is channel-scoped by public key plus IPv6-safe client IP; focused widget API test 1/1 and TypeScript pass. Browser/multi-origin acceptance remains open.,D012; UI/API and installation snippet implemented; browser wizard/widget/inbox acceptance and HiChat parity pending,codex/chatbot-delivery; local PostgreSQL 16
H04.03,H04,Tạo kênh website và nhúng SDK,P2,Backlog,Chưa gán,"Mã nguồn quan sát: SDK tải bất đồng bộ, hichatSDK.run có websiteToken/baseUrl. GoTek cung cấp SDK riêng; không chép token HiChat vào mã sản phẩm.",T: inbox269 tạo xong; P: widget visitor gửi nhận thật.,H02 H05 H06 H07 H03,"Website test mở launcher, gửi tin, inbox nhận, agent trả lời, khách nhận; reload giữ session đúng; domain khác bị từ chối; không có secret trong bundle.",,,
H04.04,H04,Tạo kênh website và nhúng SDK,P2,Backlog,Chưa gán,"Đặt script trong body của website test; kiểm tra khởi tạo một lần, nhiều lần nhúng và domain sai. Nút CodePen đã thử nhưng chưa tạo được phiên visitor kiểm chứng.",T: inbox269 tạo xong; P: widget visitor gửi nhận thật.,H02 H05 H06 H07 H03,"Website test mở launcher, gửi tin, inbox nhận, agent trả lời, khách nhận; reload giữ session đúng; domain khác bị từ chối; không có secret trong bundle.",,,
H04.05,H04,Tạo kênh website và nhúng SDK,P2,Implemented,Chưa gán,"Không yêu cầu người dùng nhập provider key trong widget; bot token công khai không thay thế kiểm tra domain, tenant và danh tính.",T: inbox269 tạo xong; P: widget visitor gửi nhận thật.,H02 H05 H06 H07 H03,"Website test mở launcher, gửi tin, inbox nhận, agent trả lời, khách nhận; reload giữ session đúng; domain khác bị từ chối; không có secret trong bundle.",delivery/evidence/h04-sdk-expiry-reset.txt,Public SDK keeps provider secrets out and resets expired visitor state; browser expiry acceptance pending.,
H05.01,H05,Cộng tác viên và tự phân công,P2,In progress,Codex,"Sáu mục cấu hình inbox giữ thứ tự nguồn: Cài đặt, Cộng tác viên, Giờ làm việc, Biểu mẫu trước khi trò chuyện, Trình tạo widget, Cấu hình.",O: form và công tắc; P: lưu và thuật toán phân công.,H03 H16 H06 H22,"Hai agent, ngưỡng đầy, offline và không có agent: xác minh phân phối và hàng chờ; agent bị gỡ không đọc hội thoại mới.",; src/server/channels.ts; tests/channels.test.ts; delivery/evidence/p2-current-tests.txt; src/web/ChannelConfiguration.tsx,Agent selection UI now reads active workspace members/current channel agents and saves via API; browser acceptance and distribution policy remain open.,
H05.02,H05,Cộng tác viên và tự phân công,P2,In progress,Codex,"Multi-select agent hiện người thử nghiệm; nhãn heading nguồn dịch là Nhà cung cấp. GoTek cần nhãn tiếng Việt thống nhất được duyệt, không sao chép lỗi dịch máy.",O: form và công tắc; P: lưu và thuật toán phân công.,H03 H16 H06 H22,"Hai agent, ngưỡng đầy, offline và không có agent: xác minh phân phối và hàng chờ; agent bị gỡ không đọc hội thoại mới.",; src/server/channels.ts; tests/channels.test.ts; delivery/evidence/p2-current-tests.txt; src/web/ChannelConfiguration.tsx,Agent selection UI now reads active workspace members/current channel agents and saves via API; browser acceptance and distribution policy remain open.,
H05.03,H05,Cộng tác viên và tự phân công,P2,In progress,Codex,Bật tự động chuyển nhượng đang bật; có Giới hạn tự động phân công tối đa và Cập nhật. Chưa biết rỗng có nghĩa vô hạn hay giá trị mặc định.,O: form và công tắc; P: lưu và thuật toán phân công.,H03 H16 H06 H22,"Hai agent, ngưỡng đầy, offline và không có agent: xác minh phân phối và hàng chờ; agent bị gỡ không đọc hội thoại mới.",delivery/evidence/h05-auto-assignment.txt; delivery/evidence/h05-capacity-tests.txt; delivery/evidence/h05-capacity-build.txt,"Local concurrent bootstrap: 20 sessions, limit 1, exactly 1 assigned; resolved frees capacity; disabled leaves unassigned. Policy is provisional GoTek, not verified HiChat. Offline presence, reopen/manual capacity semantics and browser acceptance remain open. No implementation commit yet.",
H05.04,H05,Cộng tác viên và tự phân công,P2,In progress,Chưa gán,"Quy tắc phân phối, online/offline, công suất và agent bị gỡ phải được kiểm chứng; không tự ghi round-robin là hành vi HiChat.",O: form và công tắc; P: lưu và thuật toán phân công.,H03 H16 H06 H22,"Hai agent, ngưỡng đầy, offline và không có agent: xác minh phân phối và hàng chờ; agent bị gỡ không đọc hội thoại mới.",delivery/evidence/h05-removed-agent-release.txt; tests/channels.test.ts; delivery/evidence/h05-capacity-tests.txt; delivery/evidence/h05-capacity-build.txt; delivery/evidence/h05-revoke-permissions.txt; delivery/evidence/h05-revoke-regression.txt,"Local concurrent bootstrap: 20 sessions, limit 1, exactly 1 assigned; resolved frees capacity; disabled leaves unassigned. Policy is provisional GoTek, not verified HiChat. Offline presence, reopen/manual capacity semantics and browser acceptance remain open. No implementation commit yet. Removed Agent role tested: list hidden, read/send denied; release advances owner version and HANDOFF_PENDING. Closed/snoozed assignment lifecycle still pending.",
H05.05,H05,Cộng tác viên và tự phân công,P2,Implemented,Codex,Lưu agent và cấu hình auto assignment là hai thao tác cần audit riêng; không để user thiếu quyền thay đổi bằng request trực tiếp.,O: form và công tắc; P: lưu và thuật toán phân công.,H03 H16 H06 H22,"Hai agent, ngưỡng đầy, offline và không có agent: xác minh phân phối và hàng chờ; agent bị gỡ không đọc hội thoại mới.",delivery/evidence/h05-auto-assignment.txt; delivery/evidence/p2-channel-config-build.txt,Separate agent/settings saves with audit-backed APIs and UI; browser acceptance pending.,
H06.01,H06,Giờ làm việc và biểu mẫu trước chat,P2,In progress,Codex,"Giờ làm việc: công tắc khả dụng; thông báo ngoài giờ; timezone; Chủ nhật–Thứ bảy, khả dụng/cả ngày/giờ bắt đầu-kết thúc. Giá trị sandbox Pacific GMT-07 và 09–17 không phải mặc định GoTek.","O: bật thử form rồi hoàn nguyên, chưa lưu.",H04 H05 H07 H12 H13 H24,"Trước/sau giờ, cuối tuần, DST nếu có; required thiếu/sai; phone optional; form lưu rồi reload; khách mobile mở bàn phím không che nút gửi.",db/migrations/012_channel_hours_prechat.sql; src/server/widget.ts; tests/channels.test.ts; delivery/CHECKPOINT.md; src/web/ChannelConfiguration.tsx; delivery/evidence/p2-current-tests.txt; tests/business-hours.test.ts,"GoTek provisional wall-clock hours tested for boundary/overnight/DST; HiChat parity, holidays, live schedule refresh and browser acceptance open.",
H06.02,H06,Giờ làm việc và biểu mẫu trước chat,P2,In progress,Codex,"Prechat: Có/Không; editor lời nhắn; các hàng emailAddress, fullName, phoneNumber; bật, kiểu, bắt buộc, nhãn và placeholder.","O: bật thử form rồi hoàn nguyên, chưa lưu.",H04 H05 H07 H12 H13 H24,"Trước/sau giờ, cuối tuần, DST nếu có; required thiếu/sai; phone optional; form lưu rồi reload; khách mobile mở bàn phím không che nút gửi.",db/migrations/012_channel_hours_prechat.sql; src/server/widget.ts; tests/channels.test.ts; delivery/CHECKPOINT.md; db/migrations/013_visitor_profile.sql; public/sdk.js; src/web/ChannelConfiguration.tsx; delivery/evidence/p2-current-tests.txt,Configuration panel now rendered with seven days and prechat fields; browser/mobile acceptance and hours policy remain open.,
H06.03,H06,Giờ làm việc và biểu mẫu trước chat,P2,In progress,Codex,"Khi trường tắt, required/label/placeholder disabled. Email đã thử bật thì required còn chọn; chưa kiểm tra validate email phía khách.","O: bật thử form rồi hoàn nguyên, chưa lưu.",H04 H05 H07 H12 H13 H24,"Trước/sau giờ, cuối tuần, DST nếu có; required thiếu/sai; phone optional; form lưu rồi reload; khách mobile mở bàn phím không che nút gửi.",db/migrations/012_channel_hours_prechat.sql; src/server/widget.ts; tests/channels.test.ts; delivery/CHECKPOINT.md; db/migrations/013_visitor_profile.sql; public/sdk.js; src/web/ChannelConfiguration.tsx; delivery/evidence/p2-current-tests.txt; delivery/evidence/h06-profile-schema-tests.txt,Configuration panel now rendered with seven days and prechat fields; browser/mobile acceptance and hours policy remain open. Stored disabled/removed fields no longer block sending; new profile payloads remain strict and newly required fields enforced. Browser config-change acceptance pending.,
H06.04,H06,Giờ làm việc và biểu mẫu trước chat,P2,In progress,Codex,Email collection trong hội thoại và prechat phải tránh hỏi lặp; không đồng nhất thông tin bắt buộc với đồng ý marketing.,"O: bật thử form rồi hoàn nguyên, chưa lưu.",H04 H05 H07 H12 H13 H24,"Trước/sau giờ, cuối tuần, DST nếu có; required thiếu/sai; phone optional; form lưu rồi reload; khách mobile mở bàn phím không che nút gửi.",db/migrations/012_channel_hours_prechat.sql; src/server/widget.ts; tests/widget.test.ts; delivery/CHECKPOINT.md; db/migrations/013_visitor_profile.sql; public/sdk.js; src/web/ChannelConfiguration.tsx; delivery/evidence/p2-current-tests.txt; delivery/evidence/h06-profile-schema-tests.txt,Configuration panel now rendered with seven days and prechat fields; browser/mobile acceptance and hours policy remain open. Stored disabled/removed fields no longer block sending; new profile payloads remain strict and newly required fields enforced. Browser config-change acceptance pending.,
H06.05,H06,Giờ làm việc và biểu mẫu trước chat,P2,In progress,Codex,"Trạng thái ngoài giờ, agent offline, qua nửa đêm và timezone thay đổi nối H05/H24; chưa biết hỗ trợ ngày lễ hoặc nhiều khoảng trong ngày.","O: bật thử form rồi hoàn nguyên, chưa lưu.",H04 H05 H07 H12 H13 H24,"Trước/sau giờ, cuối tuần, DST nếu có; required thiếu/sai; phone optional; form lưu rồi reload; khách mobile mở bàn phím không che nút gửi.",db/migrations/012_channel_hours_prechat.sql; src/server/widget.ts; tests/widget.test.ts; delivery/CHECKPOINT.md; src/web/ChannelConfiguration.tsx; delivery/evidence/p2-current-tests.txt; tests/business-hours.test.ts,"GoTek provisional wall-clock hours tested for boundary/overnight/DST; HiChat parity, holidays, live schedule refresh and browser acceptance open.",
H07.01,H07,Widget builder preview và danh tính,P2,Backlog,Chưa gán,"Cài đặt: ảnh JPG/PNG ≤5MB và ≤600×600; tên/domain, tiêu đề và mô tả chào, màu, thời gian trả lời vài phút/giờ/ngày.","O: sáu mục, preview và HMAC; P: widget thật và chữ ký.",H04 H06 H03 H15 H22 H27,So preview với widget cùng config; required signature thiếu/sai/hết hạn; đổi người dùng không nối lịch sử sai; attachment lỗi; emoji; CSAT; resolved và reopen.,delivery/evidence/widget-embed-2026-09-25.txt,; real widget.js embed added; public-key/browser AI/takeover acceptance pending; resume ownership returns actual state; AI_ACTIVE visitor messages enqueue idempotent ai.reply; origin/config browser acceptance pending,
H07.02,H07,Widget builder preview và danh tính,P2,Backlog,Chưa gán,"Toggles: lời chào, email, CSAT, nhắn sau resolved, tiếp tục qua email, file, emoji, khách kết thúc, tên/avatar inbox cho bot; chọn Help Center; tên gửi email.","O: sáu mục, preview và HMAC; P: widget thật và chữ ký.",H04 H06 H03 H15 H22 H27,So preview với widget cùng config; required signature thiếu/sai/hết hạn; đổi người dùng không nối lịch sử sai; attachment lỗi; emoji; CSAT; resolved và reopen.,delivery/evidence/widget-embed-2026-09-25.txt,; real widget.js embed added; public-key/browser AI/takeover acceptance pending; resume ownership returns actual state; AI_ACTIVE visitor messages enqueue idempotent ai.reply; origin/config browser acceptance pending,
H07.03,H07,Widget builder preview và danh tính,P2,In progress,Codex,Builder: vị trí trái/phải; kiểu Chuẩn/Mở rộng; tiêu đề launcher. Viewport hẹp có Cài đặt/Xem trước; preview Mặc định/Chat và Kịch bản.,"O: sáu mục, preview và HMAC; P: widget thật và chữ ký.",H04 H06 H03 H15 H22 H27,So preview với widget cùng config; required signature thiếu/sai/hết hạn; đổi người dùng không nối lịch sử sai; attachment lỗi; emoji; CSAT; resolved và reopen.,delivery/evidence/widget-embed-2026-09-25.txt Widget rate limiting is channel-scoped by public key plus IPv6-safe client IP; focused widget API test 1/1 and TypeScript pass. Browser/multi-origin acceptance remains open.,Persisted launcher title/position/mode wired to SDK; preview and browser parity pending; real widget.js embed added; public-key/browser AI/takeover acceptance pending; resume ownership returns actual state; AI_ACTIVE visitor messages enqueue idempotent ai.reply; origin/config browser acceptance pending,
H07.04,H07,Widget builder preview và danh tính,P2,In progress,Codex,"Preview có tin mẫu, không chứng minh AI hoặc gửi nhận thật. Màu Gotek thay accent/brand; không thay vị trí launcher hay thêm hero trang trí.","O: sáu mục, preview và HMAC; P: widget thật và chữ ký.",H04 H06 H03 H15 H22 H27,So preview với widget cùng config; required signature thiếu/sai/hết hạn; đổi người dùng không nối lịch sử sai; attachment lỗi; emoji; CSAT; resolved và reopen.,delivery/evidence/widget-embed-2026-09-25.txt Widget rate limiting is channel-scoped by public key plus IPv6-safe client IP; focused widget API test 1/1 and TypeScript pass. Browser/multi-origin acceptance remains open.,Draft title/position/width preview implemented with explicit sample messages; source-state parity and browser verification pending.; real widget.js embed added; public-key/browser AI/takeover acceptance pending; resume ownership returns actual state; AI_ACTIVE visitor messages enqueue idempotent ai.reply; origin/config browser acceptance pending,
H07.05,H07,Widget builder preview và danh tính,P2,Backlog,Chưa gán,"Cấu hình có Messenger script, Copy, CodePen; xác thực danh tính với secret và công tắc bắt buộc. Không đưa secret vào ảnh hoặc tài liệu; thuật toán ký cần spec chính thức.","O: sáu mục, preview và HMAC; P: widget thật và chữ ký.",H04 H06 H03 H15 H22 H27,So preview với widget cùng config; required signature thiếu/sai/hết hạn; đổi người dùng không nối lịch sử sai; attachment lỗi; emoji; CSAT; resolved và reopen.,delivery/evidence/widget-embed-2026-09-25.txt,; real widget.js embed added; public-key/browser AI/takeover acceptance pending; resume ownership returns actual state; AI_ACTIVE visitor messages enqueue idempotent ai.reply; origin/config browser acceptance pending,
H08.01,H08,Provider model và hành vi AI,P3,In progress,Chưa gán,Chế độ key HiChat quản lý hoặc API key riêng; model dropdown và Kiểm tra kết nối/Lưu. Danh sách model quan sát không chứng minh model khả dụng.,O: cấu hình; P: kết nối provider và sinh trả lời.,H09 H10 H11 H12 H23 H28 H32,Provider lỗi/timeout/hết quota; model không đủ capability; fallback đúng; usage chỉ tính theo receipt; retry không gửi đáp án hai lần., Platform Agent accepts optional workspaceId and injects validated workspace metadata into bounded context; focused platform/provider tests 4/4 pass. Full AI/provider and browser acceptance remains open; see checkpoint 2026-09-27. Tenant RLS scope is set before optional workspace context lookup; unknown workspace IDs return WORKSPACE_NOT_FOUND. Existing focused platform/provider tests remain 4/4.,"P3 provider/knowledge work intentionally gated: approved provider credential, model/capability, retention/timeout/fallback/receipt policy and source contracts required; see delivery/decisions/P3_PROVIDER_GATE.md.; Full grounded prompt included in fallback token estimates; provider receipt preserved. Focused worker/metering tests 8/8; tests/ai-context-metering.test.ts. No live provider acceptance.; Worker now hands off with non-sensitive public unavailable message for missing model/config/secret instead of silent unknown job. Real DB test covers no model grant: zero provider calls, one fallback message and HANDOFF_PENDING. Worker tests 2/2 and build PASS. Other provider failures and browser acceptance remain open.; Added npm run worker:ai: explicit UUID-scoped local/test CLI, existing provider adapter, one-shot/loop, bounded idle retry, status-only logs, SIGINT/SIGTERM graceful stop and pool close, production rejection. One-shot against local smoke workspace returned idle; build PASS. Real queued CLI delivery and multi-tenant scheduling remain open.; CLI integration verified with actual child process and isolated PostgreSQL workspace: ai.reply job succeeded with one attempt/handoff receipt, one public fallback, HANDOFF_PENDING; second --once returned idle. Fixture cleaned. No external provider calls. tests/worker-cli.test.ts PASS; daemon lifecycle/multi-tenant scheduling still open.; five provider transport failure handoffs verified via real API/DB with intercepted fetch; no retry, expense reconciliation still open; Corrected --all tenant discovery: app.platform does not bypass workspace RLS, so previous implementation could silently discover zero tenants. Migration 038 adds a restricted SECURITY DEFINER function returning only active UUIDs in keyset pages <=100, PUBLIC execute revoked. Worker uses it without exposing workspace rows. Real PostgreSQL test verifies two active tenants visible, disabled excluded, no duplicates and full workspace SELECT still denied by RLS. TypeScript/test PASS; multi-tenant job execution and bounded total scheduling remain open. Prior audit claiming discovery was sound was incorrect.; Bounded multi-tenant scheduler to one <=100-ID page per call; CLI retains keyset cursor and wraps on exhaustion. SIGTERM/SIGINT stops between tenants after in-flight work. Removed result casts; idle backoff restored to 1s, productive 250ms. TypeScript and existing discovery/single-tenant CLI tests pass; page traversal/shutdown integration still pending. --all --once explicitly means one page (README).; Real PostgreSQL scheduler regression now inserts 105 empty tenants and calls runAiWorkerAll itself: first page exactly 100, stop-before-work preserves cursor, stop-after-two preserves remaining three, exhaustion resets cursor to null, and no provider call occurs. Fixture rows cleaned. TypeScript and focused test PASS. This verifies cooperative stop callback, not OS signal/child-process daemon shutdown.",
H08.02,H08,Provider model và hành vi AI,P3,Backlog,Chưa gán,"Tên bot, doanh nghiệp, ngôn ngữ tự động/Anh/Việt; debounce 5s, delay text1s/media5s và temperature0.6 là trạng thái sandbox.",O: cấu hình; P: kết nối provider và sinh trả lời.,H09 H10 H11 H12 H23 H28 H32,Provider lỗi/timeout/hết quota; model không đủ capability; fallback đúng; usage chỉ tính theo receipt; retry không gửi đáp án hai lần.,,"P3 provider/knowledge work intentionally gated: approved provider credential, model/capability, retention/timeout/fallback/receipt policy and source contracts required; see delivery/decisions/P3_PROVIDER_GATE.md.",
H08.03,H08,Provider model và hành vi AI,P3,Backlog,Chưa gán,"Chế độ tư vấn sản phẩm, hỗ trợ khách hàng; xưng/hô; editor fallback. Không bật provider trong khảo sát.",O: cấu hình; P: kết nối provider và sinh trả lời.,H09 H10 H11 H12 H23 H28 H32,Provider lỗi/timeout/hết quota; model không đủ capability; fallback đúng; usage chỉ tính theo receipt; retry không gửi đáp án hai lần.,,"P3 provider/knowledge work intentionally gated: approved provider credential, model/capability, retention/timeout/fallback/receipt policy and source contracts required; see delivery/decisions/P3_PROVIDER_GATE.md.",
H08.04,H08,Provider model và hành vi AI,P3,In progress,Codex; acceptance pending,GoTek: provider registry và capability server-side; chỉ model được grant; timeout/fallback/quota/kill switch có kết quả phân biệt.,O: cấu hình; P: kết nối provider và sinh trả lời.,H09 H10 H11 H12 H23 H28 H32,Provider lỗi/timeout/hết quota; model không đủ capability; fallback đúng; usage chỉ tính theo receipt; retry không gửi đáp án hai lần.,delivery/evidence/core-platform-ai-agent-2026-09-25.txt Platform Agent accepts optional workspaceId and injects validated workspace metadata into bounded context; focused platform/provider tests 4/4 pass. Full AI/provider and browser acceptance remains open; see checkpoint 2026-09-27. Tenant RLS scope is set before optional workspace context lookup; unknown workspace IDs return WORKSPACE_NOT_FOUND. Existing focused platform/provider tests remain 4/4. Full local regression after core changes: 128/128 tests pass; unknown jobs remain non-auto-retry pending operator receipt workflow.,"P3 provider/knowledge work intentionally gated: approved provider credential, model/capability, retention/timeout/fallback/receipt policy and source contracts required; see delivery/decisions/P3_PROVIDER_GATE.md.; Final chat commit now checks chat capability and locks grant/model/provider rows FOR SHARE through reply/usage commit. TypeScript and focused metering/grounded tests pass (2/2). Existing real API revocation-before-commit test remains green; deterministic two-connection revoke-between-check-and-insert coverage still pending. Not a full concurrency acceptance claim.; Final commit provider grant lock proven by tests/ai-grant-lock.test.ts; full concurrency matrix and production acceptance remain open.",
H08.05,H08,Provider model và hành vi AI,P3,In progress,Codex; acceptance pending,"Không coi nút Lưu là publish tri thức. Quy tắc, nguồn, tool và quyền H09–H12 được kiểm tra trước mỗi lượt trả lời.",O: cấu hình; P: kết nối provider và sinh trả lời.,H09 H10 H11 H12 H23 H28 H32,Provider lỗi/timeout/hết quota; model không đủ capability; fallback đúng; usage chỉ tính theo receipt; retry không gửi đáp án hai lần.,delivery/evidence/core-platform-ai-agent-2026-09-25.txt Platform Agent accepts optional workspaceId and injects validated workspace metadata into bounded context; focused platform/provider tests 4/4 pass. Full AI/provider and browser acceptance remains open; see checkpoint 2026-09-27. Tenant RLS scope is set before optional workspace context lookup; unknown workspace IDs return WORKSPACE_NOT_FOUND. Existing focused platform/provider tests remain 4/4.,"P3 provider/knowledge work intentionally gated: approved provider credential, model/capability, retention/timeout/fallback/receipt policy and source contracts required; see delivery/decisions/P3_PROVIDER_GATE.md.",
H09.01,H09,Quy tắc AI và nhập xuất,P3,In progress,Codex; acceptance pending,"Danh sách: tìm kiếm, checkbox chọn, Thêm quy tắc, Tải xuống XLSX, Tải lên XLSX/CSV; card có trạng thái và cập nhật.","T: một rule được tạo; O: còn hiển thị trong lần mở lại; P: ảnh hưởng runtime, edit và import.",H08 H10 H23 H22,Tạo/lưu/reload; 150/151 và 2000/2001; import một dòng lỗi; quota2 của sandbox; tắt rule không còn tác dụng khi chạy AI.,delivery/evidence/h09-browser-preview-2026-09-24.txt; delivery/evidence/h09-transfer-2026-09-24.txt; tests/rules-transfer-roles.test.ts; src/web/AiRules.tsx (local build),"P3 provider/knowledge work intentionally gated: approved provider credential, model/capability, retention/timeout/fallback/receipt policy and source contracts required; see delivery/decisions/P3_PROVIDER_GATE.md. Partial implementation only: JSON roundtrip tested; XLSX/CSV, edit UI, idempotency, live tenant/role acceptance and AI runtime effect remain open.; Rules runtime review: versioned prompt schema fixed; concurrent rule publication and controlled error handoff remain open (CHECKPOINT-LOCAL-BLOCKER.md).",
H09.02,H09,Quy tắc AI và nhập xuất,P3,In progress,Codex; acceptance pending,"Form tiêu đề bắt buộc tối đa150, nội dung bắt buộc tối đa2000; Tạo disabled khi trống. Rule sandbox đã tạo, không phải tri thức khách.","T: một rule được tạo; O: còn hiển thị trong lần mở lại; P: ảnh hưởng runtime, edit và import.",H08 H10 H23 H22,Tạo/lưu/reload; 150/151 và 2000/2001; import một dòng lỗi; quota2 của sandbox; tắt rule không còn tác dụng khi chạy AI.,delivery/evidence/h09-browser-preview-2026-09-24.txt; delivery/evidence/h09-transfer-2026-09-24.txt; tests/rules-transfer-roles.test.ts; src/web/AiRules.tsx (local build),"P3 provider/knowledge work intentionally gated: approved provider credential, model/capability, retention/timeout/fallback/receipt policy and source contracts required; see delivery/decisions/P3_PROVIDER_GATE.md. Partial implementation only: JSON roundtrip tested; XLSX/CSV, edit UI, idempotency, live tenant/role acceptance and AI runtime effect remain open.; Rules runtime review: versioned prompt schema fixed; concurrent rule publication and controlled error handoff remain open (CHECKPOINT-LOCAL-BLOCKER.md).",
H09.03,H09,Quy tắc AI và nhập xuất,P3,Backlog,Chưa gán,"Import theo mẫu xuất; cần đặc tả header, encoding, dòng lỗi, trùng và quota. Chưa đo thực tế nên không tự chọn chính sách ghi đè.","T: một rule được tạo; O: còn hiển thị trong lần mở lại; P: ảnh hưởng runtime, edit và import.",H08 H10 H23 H22,Tạo/lưu/reload; 150/151 và 2000/2001; import một dòng lỗi; quota2 của sandbox; tắt rule không còn tác dụng khi chạy AI.,,"P3 provider/knowledge work intentionally gated: approved provider credential, model/capability, retention/timeout/fallback/receipt policy and source contracts required; see delivery/decisions/P3_PROVIDER_GATE.md.; Rules runtime review: versioned prompt schema fixed; concurrent rule publication and controlled error handoff remain open (CHECKPOINT-LOCAL-BLOCKER.md).",
H09.04,H09,Quy tắc AI và nhập xuất,P3,In progress,Codex; acceptance pending,"Chính sách GoTek: rule không được vượt tenant, quyền nguồn, bảo mật hoặc cho phép tự xác nhận giao dịch; version và audit khi sửa.","T: một rule được tạo; O: còn hiển thị trong lần mở lại; P: ảnh hưởng runtime, edit và import.",H08 H10 H23 H22,Tạo/lưu/reload; 150/151 và 2000/2001; import một dòng lỗi; quota2 của sandbox; tắt rule không còn tác dụng khi chạy AI.,delivery/evidence/h09-browser-preview-2026-09-24.txt; delivery/evidence/h09-transfer-2026-09-24.txt; tests/rules-transfer-roles.test.ts; src/web/AiRules.tsx (local build),"P3 provider/knowledge work intentionally gated: approved provider credential, model/capability, retention/timeout/fallback/receipt policy and source contracts required; see delivery/decisions/P3_PROVIDER_GATE.md. Partial implementation only: JSON roundtrip tested; XLSX/CSV, edit UI, idempotency, live tenant/role acceptance and AI runtime effect remain open.; Rules runtime review: versioned prompt schema fixed; concurrent rule publication and controlled error handoff remain open (CHECKPOINT-LOCAL-BLOCKER.md).",
H09.05,H09,Quy tắc AI và nhập xuất,P3,Backlog,Chưa gán,"Trạng thái active chỉ là cấu hình được bật, chưa chứng minh mọi phản hồi đều tuân thủ. QA cần thử rule mâu thuẫn, bị tắt và prompt injection.","T: một rule được tạo; O: còn hiển thị trong lần mở lại; P: ảnh hưởng runtime, edit và import.",H08 H10 H23 H22,Tạo/lưu/reload; 150/151 và 2000/2001; import một dòng lỗi; quota2 của sandbox; tắt rule không còn tác dụng khi chạy AI.,,"P3 provider/knowledge work intentionally gated: approved provider credential, model/capability, retention/timeout/fallback/receipt policy and source contracts required; see delivery/decisions/P3_PROVIDER_GATE.md.; Rules runtime review: versioned prompt schema fixed; concurrent rule publication and controlled error handoff remain open (CHECKPOINT-LOCAL-BLOCKER.md).",
H10.01,H10,FAQ kho thông tin mẫu câu và ảnh,P3,Backlog,Chưa gán,FAQ/Kịch bản phản hồi: câu hỏi kích hoạt bắt buộc100 ký tự; Thêm bước → editor mỗi bước; tối đa5 ảnh/bước chọn từ thư viện; tổng câu trả lời2000; danh mục; active bật; Hủy/Tạo.,O: bốn danh sách và form mới đã đọc; P: lưu/import/retrieval/ảnh runtime.,H08 H09 H11 H23 H31 H32,Chỉ nguồn active/publish đúng quyền xuất hiện; thu hồi ảnh không trả URL cũ; FAQ nhiều bước đúng thứ tự; lỗi import không ghi dở; vượt từng giới hạn báo đúng trường.,,"P3 provider/knowledge work intentionally gated: approved provider credential, model/capability, retention/timeout/fallback/receipt policy and source contracts required; see delivery/decisions/P3_PROVIDER_GATE.md.",
H10.02,H10,FAQ kho thông tin mẫu câu và ảnh,P3,In progress,Codex; acceptance pending,"Kho thông tin: Thông tin cho AI bắt buộc100; editor nội dung bắt buộc2000; danh mục tùy chọn, thêm danh mục; active bật. Lọc danh mục/trạng thái/nguồn thủ công/mới-cũ.",O: bốn danh sách và form mới đã đọc; P: lưu/import/retrieval/ảnh runtime.,H08 H09 H11 H23 H31 H32,Chỉ nguồn active/publish đúng quyền xuất hiện; thu hồi ảnh không trả URL cũ; FAQ nhiều bước đúng thứ tự; lỗi import không ghi dở; vượt từng giới hạn báo đúng trường.,delivery/evidence/h10-drafts-2026-09-25.txt; delivery/contracts/H10-knowledge.md; delivery/evidence/h10-categories-2026-09-25.txt,"Draft/category/process/publish/chunk search and DOCX/PDF multipart draft ingestion implemented locally; focused DOCX/API tests pass. OCR/semantic retrieval/file retention/replay and browser parity remain open. Not accepted.; Widget context now uses published PUBLIC chunks with bounded lexical AND-term ranking. Natural-question and tenant isolation regression verified; semantic retrieval and live provider acceptance open.; AI commit revalidates and locks published PUBLIC source versions; revoked/inactive/internal/foreign versions denied (AI_KNOWLEDGE_REVOKED).; Widget relevance ranking corrected to use question tsquery instead of audience; PostgreSQL top-1 regression with competing PUBLIC-word source passes. Focused 3/3 and build pass; semantic retrieval remains open.; Widget rejects corrupt chunks in SQL before ranking/LIMIT; real PostgreSQL regression verifies valid second candidate returned with limit=1. Focused tests 3/3 and build pass.; DOCX/PDF import receipts persisted and tenant/retry API verified; original binary storage and durable failure history open; semantic embedding branch incomplete; embedding model/dimension guards and malformed/zero vector rejection verified by focused contract tests; live semantic pipeline remains open; real DB embedding store/retrieval verified with synthetic vectors including stale hash, model mismatch and tenant denial; provider embedding orchestration pending; local/test original DOCX/PDF bytes now persisted with RLS and authenticated checksum-verified download; byte-equality and foreign/anonymous denial verified; production storage policy pending; paginated tenant import-history API implemented and real DB tested including live role denial; failed-attempt capture remains open; known document parse failures now persist as FAILED with original error and idempotent receipt; API/DB regression verified; multipart/downstream errors still open; corrected embedding identity to registry UUID; actual batch-to-retrieval DB regression passes; legacy name-keyed vectors need regeneration; Correction after direct call-path review: previous semantic widget wiring claim was inaccurate. Embedding call was in legacy aiReplyHandler only; production-path transactionalAiReplyHandler remained lexical. Removed misplaced nested-transaction call and unnecessary embedding lookup. Semantic helper and batch remain implemented separately; runtime integration and relevance evaluation OPEN. Existing grounded test did not prove semantic widget invocation. runAiWorkerAll is an unverified draft, not a deployed scheduler.; Semantic runtime correction: embedding grant lookup moved inside platform registry context; prior placement was hidden by RLS. Real widget/API/PG test now restores grant and vector AFTER revocation fixture, proves zero lexical matches for How long is coverage?, asserts exactly one embedding call before one chat call, and reads grounded reply from public messages. TypeScript and focused integration PASS. Provider responses synthetic; relevance, race fencing and live receipt remain open. Previous full test process handle disappeared; no new full-suite success claimed.; Semantic embedding grant is revalidated/locked at final AI commit; deterministic revoke-after-embedding barrier remains open.",
H10.03,H10,FAQ kho thông tin mẫu câu và ảnh,P3,Backlog,Chưa gán,"Mẫu hội thoại: UI gọi Mẫu câu AI; tiêu đề150, nội dung2000 bắt buộc; Hủy/Tạo. Danh sách tìm kiếm, mới/cũ và nhập xuất XLSX/CSV.",O: bốn danh sách và form mới đã đọc; P: lưu/import/retrieval/ảnh runtime.,H08 H09 H11 H23 H31 H32,Chỉ nguồn active/publish đúng quyền xuất hiện; thu hồi ảnh không trả URL cũ; FAQ nhiều bước đúng thứ tự; lỗi import không ghi dở; vượt từng giới hạn báo đúng trường.,,"P3 provider/knowledge work intentionally gated: approved provider credential, model/capability, retention/timeout/fallback/receipt policy and source contracts required; see delivery/decisions/P3_PROVIDER_GATE.md.",
H10.04,H10,FAQ kho thông tin mẫu câu và ảnh,P3,Backlog,Chưa gán,"Ảnh: Thêm thư mục → tên và mô tả bắt buộc, danh mục, Hủy/Lưu. Hướng dẫn nêu thư mục/ảnh active, title/description/tags, ẩn/hiện, copy URL, image_item_id; tối đa10 ảnh gần nhất/thư mục trong prompt. Chưa thử upload.",O: bốn danh sách và form mới đã đọc; P: lưu/import/retrieval/ảnh runtime.,H08 H09 H11 H23 H31 H32,Chỉ nguồn active/publish đúng quyền xuất hiện; thu hồi ảnh không trả URL cũ; FAQ nhiều bước đúng thứ tự; lỗi import không ghi dở; vượt từng giới hạn báo đúng trường.,,"P3 provider/knowledge work intentionally gated: approved provider credential, model/capability, retention/timeout/fallback/receipt policy and source contracts required; see delivery/decisions/P3_PROVIDER_GATE.md.",
H10.05,H10,FAQ kho thông tin mẫu câu và ảnh,P3,Backlog,Chưa gán,"FAQ và kho thông tin có filter/search/import/export; giới hạn này chỉ áp dụng form tương ứng. Pipeline DRAFT/job/publish/version theo D2 phải được tích hợp rõ, không tự gắn nhãn là UI HiChat.",O: bốn danh sách và form mới đã đọc; P: lưu/import/retrieval/ảnh runtime.,H08 H09 H11 H23 H31 H32,Chỉ nguồn active/publish đúng quyền xuất hiện; thu hồi ảnh không trả URL cũ; FAQ nhiều bước đúng thứ tự; lỗi import không ghi dở; vượt từng giới hạn báo đúng trường.,,"P3 provider/knowledge work intentionally gated: approved provider credential, model/capability, retention/timeout/fallback/receipt policy and source contracts required; see delivery/decisions/P3_PROVIDER_GATE.md.",
H11.01,H11,Nguồn web và crawler,P3,In progress,Codex; acceptance pending,Nguồn web: tìm kiếm; trạng thái Hoạt động/Tạm dừng/Lỗi; loại URL/Sitemap/RSS; empty state và Thêm nguồn web.,"O: danh sách và form; P: crawl, lịch refresh, lỗi.",H10 H08 H23 H31 H32,"URL hợp lệ, 404, JS, redirect, sitemap lớn, RSS thay đổi, nguồn cấm; lỗi giữ bản cũ; timeout và retry hữu hạn; draft không được trả lời.",delivery/evidence/h11-config-api-2026-09-25.txt; delivery/evidence/h11-origin-and-limits-2026-09-25.txt; delivery/evidence/h11-fetch-transport-2026-09-25.txt; delivery/evidence/h11-preview-parser-2026-09-25.txt; delivery/evidence/h11-preview-access-2026-09-25.txt; delivery/evidence/h11-sitemap-crawl.txt,"Implemented source configuration and preview, strict XML parser, pinned DNS transport; local tenant/role rejection tests and one HTTPS200 public fetch verified. Browser parity, full transport boundary tests, crawler scheduling/depth/delay and durable version/publish/rollback remain open. Not accepted.; H11 refresh request API added: Owner/Admin role, session tenant, active source lock, strict request UUID; durable web.refresh job with maxAttempts=3, replay same job and single audit under concurrent retries. API/PG test covers concurrency, foreign/anonymous denial and paused source. Worker execution/version storage/publish are still unimplemented; queued is not refreshed. TypeScript and H11 API test PASS.; H11 snapshot slice implemented in parallel: migration039 tenant/source/job composite FKs + RLS + insert-only snapshots; Owner/Admin history/detail APIs; runWebRefreshOnce captures one document outside transactions and locks/rechecks workspace/source/config/lease on commit. Real PG tests prove hash/content persistence, isolation, immutable grants, replay without refetch, pause/change/expired lease rejection and old snapshot retention. TypeScript + H11 focused tests 2/2 PASS. Not full crawler: no recursive traversal, automatic retry/failure history, knowledge conversion/publish or CLI scheduling yet. Generic failures currently unknown. Contract delivery/contracts/H11-REFRESH.md. | Local API→worker→snapshot history/detail verified via injected fetch; tests/web-sources.test.ts PASS. No live fetch/publish acceptance. | worker:web CLI integrated; focused suites 4/4 PASS including real PG idle/SIGTERM. Draft conversion and full crawler remain open. | Sitemap index/urlset now crawled into page snapshots with bounded secure fetch; focused tests pass. Scheduling/JS/parity pending.",
H11.02,H11,Nguồn web và crawler,P3,In progress,Codex; acceptance pending,"Form: Tên nguồn*, URL*, Loại nội dung*; số trang tối đa20, độ sâu2, độ trễ0 giây đang hiển thị; Hủy/Tạo disabled khi trống.","O: danh sách và form; P: crawl, lịch refresh, lỗi.",H10 H08 H23 H31 H32,"URL hợp lệ, 404, JS, redirect, sitemap lớn, RSS thay đổi, nguồn cấm; lỗi giữ bản cũ; timeout và retry hữu hạn; draft không được trả lời.",delivery/evidence/h11-config-api-2026-09-25.txt; delivery/evidence/h11-origin-and-limits-2026-09-25.txt; delivery/evidence/h11-fetch-transport-2026-09-25.txt; delivery/evidence/h11-preview-parser-2026-09-25.txt; delivery/evidence/h11-preview-access-2026-09-25.txt; delivery/evidence/h11-crawl.txt,"Implemented source configuration and preview, strict XML parser, pinned DNS transport; local tenant/role rejection tests and one HTTPS200 public fetch verified. Browser parity, full transport boundary tests, crawler scheduling/depth/delay and durable version/publish/rollback remain open. Not accepted. | URL same-origin bounded static crawl implemented/tested; sitemap traversal, JS, scheduling and acceptance pending.",
H11.03,H11,Nguồn web và crawler,P3,In progress,Codex; acceptance pending,"Chưa thử Sitemap/RSS validation hoặc job. Không suy ra URL chỉ cho domain chính, cron, format parser hay lịch auto-refresh.","O: danh sách và form; P: crawl, lịch refresh, lỗi.",H10 H08 H23 H31 H32,"URL hợp lệ, 404, JS, redirect, sitemap lớn, RSS thay đổi, nguồn cấm; lỗi giữ bản cũ; timeout và retry hữu hạn; draft không được trả lời.",; delivery/evidence/h11-preview-access-2026-09-25.txt,"Implemented source configuration and preview, strict XML parser, pinned DNS transport; local tenant/role rejection tests and one HTTPS200 public fetch verified. Browser parity, full transport boundary tests, crawler scheduling/depth/delay and durable version/publish/rollback remain open. Not accepted.",
H11.04,H11,Nguồn web và crawler,P3,In progress,Codex; acceptance pending,"D2 yêu cầu giới hạn bytes/time/host, chặn SSRF/loopback/private IP/metadata/DNS rebinding; kiểm tra mọi redirect chứ không chỉ URL đầu.","O: danh sách và form; P: crawl, lịch refresh, lỗi.",H10 H08 H23 H31 H32,"URL hợp lệ, 404, JS, redirect, sitemap lớn, RSS thay đổi, nguồn cấm; lỗi giữ bản cũ; timeout và retry hữu hạn; draft không được trả lời.",; delivery/evidence/h11-preview-access-2026-09-25.txt; delivery/evidence/h11-crawl.txt,"Implemented source configuration and preview, strict XML parser, pinned DNS transport; local tenant/role rejection tests and one HTTPS200 public fetch verified. Browser parity, full transport boundary tests, crawler scheduling/depth/delay and durable version/publish/rollback remain open. Not accepted. | URL same-origin bounded static crawl implemented/tested; sitemap traversal, JS, scheduling and acceptance pending.",
H11.05,H11,Nguồn web và crawler,P3,In progress,Codex; acceptance pending,Nguồn thay đổi → version mới → index thử → publish/rollback; lỗi crawl không xóa bản đang phục vụ. Trạng thái này là backend GoTek đề xuất theo D2.,"O: danh sách và form; P: crawl, lịch refresh, lỗi.",H10 H08 H23 H31 H32,"URL hợp lệ, 404, JS, redirect, sitemap lớn, RSS thay đổi, nguồn cấm; lỗi giữ bản cũ; timeout và retry hữu hạn; draft không được trả lời.",; delivery/evidence/h11-generation-bridge-multipart-2026-09-27.txt,"P3 provider/knowledge work intentionally gated: approved provider credential, model/capability, retention/timeout/fallback/receipt policy and source contracts required; see delivery/decisions/P3_PROVIDER_GATE.md. | Migration040 applied for WEB provenance; snapshot-to-draft contract recorded; service/API implementation in progress, not verified. | Snapshot import API implemented; concurrent replay/single audit/tenant denial/unpublished draft API test PASS. Long text tests in progress; refresh existing versions remains open. | 2026-09-26 Unicode multi-part/private draft/original version replay/error atomicity tested against PG. Refresh-to-existing-item still pending. | Generation replacement item publish/rollback PG regression PASS; full generation acceptance incomplete. | Multipart snapshot generation bridge HTTP verified: all UPSERT parts, shorter refresh RETIRE and publish; H11 broader acceptance still open.",
H12.01,H12,Thu thập dữ liệu và đồng bộ,P3,In progress,Codex; acceptance pending,Bật thu thập dữ liệu; tự tắt chatbot khi đủ Chỉ trường bắt buộc/Toàn bộ trường. Hai nút disabled khi công tắc liên quan tắt.,O: cấu hình và form trường; P: extraction/sync/auto stop.,H03 H13 H17 H21 H25 H26,"Khách từ chối, sửa thông tin, đủ required nhưng thiếu optional; không tắt sớm; trùng event không ghi hai dòng; sync lỗi có retry/receipt; không yêu cầu marketing consent để hỗ trợ.",delivery/evidence/h12-data-collection-2026-09-25.txt,"P3 provider/knowledge work intentionally gated: approved provider credential, model/capability, retention/timeout/fallback/receipt policy and source contracts required; see delivery/decisions/P3_PROVIDER_GATE.md.",
H12.02,H12,Thu thập dữ liệu và đồng bộ,P3,In progress,Codex; acceptance pending,"Thêm nhãn khi hoàn tất: công tắc, tên data_collected, màu; cho lowercase/số/gạch ngang/gạch dưới; nhãn tự tạo nếu chưa có theo mô tả UI.",O: cấu hình và form trường; P: extraction/sync/auto stop.,H03 H13 H17 H21 H25 H26,"Khách từ chối, sửa thông tin, đủ required nhưng thiếu optional; không tắt sớm; trùng event không ghi hai dòng; sync lỗi có retry/receipt; không yêu cầu marketing consent để hỗ trợ.",delivery/evidence/h12-data-collection-2026-09-25.txt,"P3 provider/knowledge work intentionally gated: approved provider credential, model/capability, retention/timeout/fallback/receipt policy and source contracts required; see delivery/decisions/P3_PROVIDER_GATE.md.",
H12.03,H12,Thu thập dữ liệu và đồng bộ,P3,In progress,Codex; acceptance pending,"Thêm trường: Tên trường*, Tên hiển thị*, mô tả; Trường bắt buộc mặc định tắt; Bật thu thập mặc định bật; Tạo disabled khi trống.",O: cấu hình và form trường; P: extraction/sync/auto stop.,H03 H13 H17 H21 H25 H26,"Khách từ chối, sửa thông tin, đủ required nhưng thiếu optional; không tắt sớm; trùng event không ghi hai dòng; sync lỗi có retry/receipt; không yêu cầu marketing consent để hỗ trợ.",delivery/evidence/h12-data-collection-2026-09-25.txt,"P3 provider/knowledge work intentionally gated: approved provider credential, model/capability, retention/timeout/fallback/receipt policy and source contracts required; see delivery/decisions/P3_PROVIDER_GATE.md.",
H12.04,H12,Thu thập dữ liệu và đồng bộ,P3,In progress,Codex; acceptance pending,Hướng dẫn ghi giá trị vào thuộc tính tùy chỉnh Contact và đồng bộ đích. Đích Tắt/Google Sheets/Lark Bitable và Lưu đích đồng bộ; chưa chọn kết nối.,O: cấu hình và form trường; P: extraction/sync/auto stop.,H03 H13 H17 H21 H25 H26,"Khách từ chối, sửa thông tin, đủ required nhưng thiếu optional; không tắt sớm; trùng event không ghi hai dòng; sync lỗi có retry/receipt; không yêu cầu marketing consent để hỗ trợ.",delivery/evidence/h12-data-collection-2026-09-25.txt,"P3 provider/knowledge work intentionally gated: approved provider credential, model/capability, retention/timeout/fallback/receipt policy and source contracts required; see delivery/decisions/P3_PROVIDER_GATE.md.",
H12.05,H12,Thu thập dữ liệu và đồng bộ,P3,In progress,Codex; acceptance pending,"Cần phân biệt chưa có/đang thu/đã đủ; sửa giá trị, consent và kiểu dữ liệu liên hệ; bot dừng vì đủ dữ liệu không tự đồng nghĩa handoff thành công.",O: cấu hình và form trường; P: extraction/sync/auto stop.,H03 H13 H17 H21 H25 H26,"Khách từ chối, sửa thông tin, đủ required nhưng thiếu optional; không tắt sớm; trùng event không ghi hai dòng; sync lỗi có retry/receipt; không yêu cầu marketing consent để hỗ trợ.",delivery/evidence/h12-data-collection-2026-09-25.txt,"P3 provider/knowledge work intentionally gated: approved provider credential, model/capability, retention/timeout/fallback/receipt policy and source contracts required; see delivery/decisions/P3_PROVIDER_GATE.md.",
H13.01,H13,CRM liên hệ và hồ sơ khách,P2,In progress,Chưa gán,"Danh sách có Khách hàng, Kênh chat, Đơn hàng, Nhãn, Hành động; tìm kiếm/filter và theo kênh; empty state không phải dữ liệu thật.",T: tạo contact không email/phone; O: hồ sơ/gộp; P: ghi chú/gộp/outbound.,H03 H12 H17 H14 H31,Tên đầy đủ lưu đúng; không tự gộp trùng tên; permission note; không có kênh; gộp preview; xóa/export có audit; không lộ khách ngoài nhóm.,tests/contacts.test.ts; db/migrations/044_contact_soft_delete.sql; db/migrations/046_contact_merge_history.sql; db/migrations/047_contact_tags.sql; src/server/contacts.ts Agent CRM reads are Owner/Admin-only pending an evidence-backed contact visibility mapping; workspace-wide Agent access is intentionally denied to satisfy no-leak acceptance. See delivery/CHECKPOINT-LOCAL-BLOCKER.md 2026-09-27.," | Create/list/detail/update/soft-delete/restore/export/merge/tag backend verified locally with tenant scope, revision conflict, idempotency and audit. Detail returns workspace-scoped tags. UI, agent authenticated acceptance and merge UX pending.",
H13.02,H13,CRM liên hệ và hồ sơ khách,P2,In progress,Chưa gán,Thêm liên hệ: tên/họ/email/phone/quốc gia/thành phố/tiểu sử/công ty. Lần thử không email và phone vẫn lưu thành công; tiêu đề form ghi Chỉnh sửa thông tin liên hệ.,T: tạo contact không email/phone; O: hồ sơ/gộp; P: ghi chú/gộp/outbound.,H03 H12 H17 H14 H31,Tên đầy đủ lưu đúng; không tự gộp trùng tên; permission note; không có kênh; gộp preview; xóa/export có audit; không lộ khách ngoài nhóm.,tests/contacts.test.ts; db/migrations/045_contact_profile_fields.sql Agent CRM reads are Owner/Admin-only pending an evidence-backed contact visibility mapping; workspace-wide Agent access is intentionally denied to satisfy no-leak acceptance. See delivery/CHECKPOINT-LOCAL-BLOCKER.md 2026-09-27., | Profile fields country/city/bio/company persist through create/update/detail/list and are tenant-scoped. Form/UI and full profile acceptance pending.,
H13.03,H13,CRM liên hệ và hồ sơ khách,P2,In progress,Chưa gán,"Hồ sơ: thông tin xã hội, Thuộc tính/Ghi chú/Gộp; ghi chú200 ký tự, nút lưu disabled khi trống. Không suy ra note contact là note nội bộ hội thoại.",T: tạo contact không email/phone; O: hồ sơ/gộp; P: ghi chú/gộp/outbound.,H03 H12 H17 H14 H31,Tên đầy đủ lưu đúng; không tự gộp trùng tên; permission note; không có kênh; gộp preview; xóa/export có audit; không lộ khách ngoài nhóm.,tests/contacts.test.ts; src/server/contacts.ts Agent CRM reads are Owner/Admin-only pending an evidence-backed contact visibility mapping; workspace-wide Agent access is intentionally denied to satisfy no-leak acceptance. See delivery/CHECKPOINT-LOCAL-BLOCKER.md 2026-09-27.,"Backend notes contract bounded at 200 chars and detail returns tags; profile sections, save-disabled UI and full acceptance remain pending.",
H13.04,H13,CRM liên hệ và hồ sơ khách,P2,In progress,Chưa gán,"Gộp: liên hệ chính giữ lại và ưu tiên trường xung đột, liên hệ phụ bị gộp/xóa theo UI. Backend merge and read-only field preview are implemented; explicit confirmation, undo and UI remain according to D2.",T: tạo contact không email/phone; O: hồ sơ/gộp; P: ghi chú/gộp/outbound.,H03 H12 H17 H14 H31,Tên đầy đủ lưu đúng; không tự gộp trùng tên; permission note; không có kênh; gộp preview; xóa/export có audit; không lộ khách ngoài nhóm.,tests/contacts.test.ts; db/migrations/046_contact_merge_history.sql; src/server/contacts.ts Agent CRM reads are Owner/Admin-only pending an evidence-backed contact visibility mapping; workspace-wide Agent access is intentionally denied to satisfy no-leak acceptance. See delivery/CHECKPOINT-LOCAL-BLOCKER.md 2026-09-27.,,
H13.05,H13,CRM liên hệ và hồ sơ khách,P2,In progress,Chưa gán,Gửi tin nhắn với contact thủ công báo Không có hộp thư nào để bắt đầu...; Website inbox không tự gắn contact. CRM lead pipeline/scoring sau core ở E02/E03.,T: tạo contact không email/phone; O: hồ sơ/gộp; P: ghi chú/gộp/outbound.,H03 H12 H17 H14 H31,Tên đầy đủ lưu đúng; không tự gộp trùng tên; permission note; không có kênh; gộp preview; xóa/export có audit; không lộ khách ngoài nhóm.,delivery/decisions/H13_CONTACTS.md Agent CRM reads are Owner/Admin-only pending an evidence-backed contact visibility mapping; workspace-wide Agent access is intentionally denied to satisfy no-leak acceptance. See delivery/CHECKPOINT-LOCAL-BLOCKER.md 2026-09-27.,Manual contact messaging remains intentionally gated: contacts have no channel identity and must not create an arbitrary inbox conversation. Use existing tenant-scoped GET /api/channels for selection; create only after explicit channel choice. Preserve “Không có hộp thư nào để bắt đầu…” when no eligible channel.,
H14.01,H14,Catalog và đơn hàng,P6,Backlog,Chưa gán,Không dựng checkout hoạt động rồi gọi là bản sao HiChat: hiện chỉ có menu Orders và Sắp ra mắt. UI thực thi là thiết kế GoTek cần duyệt.,O: HiChat Sắp ra mắt; D: D2 F09; P: toàn bộ giao dịch.,H13 H21 H23 H28 H32,"Giá stale, hết hàng, timeout, duplicate, rollback; order mock tách ledger thật; không AI tự tuyên bố đã thanh toán.",,,
H14.02,H14,Catalog và đơn hàng,P6,Backlog,Chưa gán,"D2: giá, tồn kho, trạng thái và timestamp nguồn; catalog sản phẩm hoặc danh mục dịch vụ theo workspace.",O: HiChat Sắp ra mắt; D: D2 F09; P: toàn bộ giao dịch.,H13 H21 H23 H28 H32,"Giá stale, hết hàng, timeout, duplicate, rollback; order mock tách ledger thật; không AI tự tuyên bố đã thanh toán.",,,
H14.03,H14,Catalog và đơn hàng,P6,Backlog,Chưa gán,Đơn test không trừ hàng thật; thao tác ghi cần khách xác nhận và idempotency; timeout có UNKNOWN chờ reconciliation.,O: HiChat Sắp ra mắt; D: D2 F09; P: toàn bộ giao dịch.,H13 H21 H23 H28 H32,"Giá stale, hết hàng, timeout, duplicate, rollback; order mock tách ledger thật; không AI tự tuyên bố đã thanh toán.",,,
H14.04,H14,Catalog và đơn hàng,P6,Backlog,Chưa gán,Contact có cột đơn hàng nhưng chưa chứng minh order flow. Nối contact/conversation/order theo ID đúng tenant.,O: HiChat Sắp ra mắt; D: D2 F09; P: toàn bộ giao dịch.,H13 H21 H23 H28 H32,"Giá stale, hết hàng, timeout, duplicate, rollback; order mock tách ledger thật; không AI tự tuyên bố đã thanh toán.",,,
H14.05,H14,Catalog và đơn hàng,P6,Backlog,Chưa gán,"Thanh toán, shipping và doanh thu chỉ được ghi thành công sau receipt hệ thống nguồn; triển khai sau core theo E08.",O: HiChat Sắp ra mắt; D: D2 F09; P: toàn bộ giao dịch.,H13 H21 H23 H28 H32,"Giá stale, hết hàng, timeout, duplicate, rollback; order mock tách ledger thật; không AI tự tuyên bố đã thanh toán.",,,
H15.01,H15,Help Center và nội dung công khai,P5,Backlog,Chưa gán,Menu Help Center có sẵn; form Name/Slug mới quan sát. Không tự chốt toàn bộ editor hoặc taxonomy của HiChat.,"O: form portal Name/Slug; P: biên tập, publish và tìm kiếm.",H07 H10 H11 H16 H31,Draft bị chặn ở URL public; publish/withdraw; search theo locale; xóa index; truy cập chéo workspace; bài không có kết quả.,,,
H15.02,H15,Help Center và nội dung công khai,P5,Backlog,Chưa gán,"D2 yêu cầu article/category/locale/audience, nháp/xuất bản/thu hồi và search; quyền editor khác quyền publish nếu được PO phê duyệt.","O: form portal Name/Slug; P: biên tập, publish và tìm kiếm.",H07 H10 H11 H16 H31,Draft bị chặn ở URL public; publish/withdraw; search theo locale; xóa index; truy cập chéo workspace; bài không có kết quả.,,,
H15.03,H15,Help Center và nội dung công khai,P5,Backlog,Chưa gán,Inbox có chọn Trung tâm trợ giúp; bài public hiển thị đúng portal/locale. Bài nội bộ không xuất ra widget public.,"O: form portal Name/Slug; P: biên tập, publish và tìm kiếm.",H07 H10 H11 H16 H31,Draft bị chặn ở URL public; publish/withdraw; search theo locale; xóa index; truy cập chéo workspace; bài không có kết quả.,,,
H15.04,H15,Help Center và nội dung công khai,P5,Backlog,Chưa gán,"Thu hồi phải xóa khỏi search và cache, không chỉ ẩn hàng trong admin; URL cũ tuân theo policy truy cập.","O: form portal Name/Slug; P: biên tập, publish và tìm kiếm.",H07 H10 H11 H16 H31,Draft bị chặn ở URL public; publish/withdraw; search theo locale; xóa index; truy cập chéo workspace; bài không có kết quả.,,,
H15.05,H15,Help Center và nội dung công khai,P5,Backlog,Chưa gán,Import web không tự động xuất bản Help Center; cần ranh giới giữa nguồn AI và nội dung công khai.,"O: form portal Name/Slug; P: biên tập, publish và tìm kiếm.",H07 H10 H11 H16 H31,Draft bị chặn ở URL public; publish/withdraw; search theo locale; xóa index; truy cập chéo workspace; bài không có kết quả.,,,
H16.01,H16,Thành viên nhóm và vai trò,P1,In progress,Codex (implementation/test); PO acceptance pending,Giữ cấu trúc Quản lý nhân sự và phân biệt agent/team/custom role; không dùng chức danh kinh doanh làm system role mặc định.,O: agents/teams/custom roles; P: mời nhận và quyền đa tài khoản.,H01 H02 H03 H05 H22 H23 H31,Mỗi endpoint thử allow/deny với ít nhất hai role; thu hồi có hiệu lực session/realtime; agent không sửa billing/provider; không vượt số seat.,delivery/evidence/p1-api-tests.txt; delivery/evidence/p1-restore-drill.json; delivery/contracts/P0-P1.md Pending invitation seat count is workspace-scoped (`workspace_id` predicate); auth/platform regression 3/3 pass. Browser invitation acceptance remains open.,D001–D005; G001/G002 visual parity open; external email not verified; module acceptance incomplete,codex/chatbot-delivery; local PostgreSQL 16; 127.0.0.1:4317
H16.02,H16,Thành viên nhóm và vai trò,P1,In progress,Codex (implementation/test); PO acceptance pending,GoTek mapping: Owner/Admin quản lý workspace; Agent xử lý scope được gán; Editor/Analyst/Billing chỉ khi permission set được chốt.,O: agents/teams/custom roles; P: mời nhận và quyền đa tài khoản.,H01 H02 H03 H05 H22 H23 H31,Mỗi endpoint thử allow/deny với ít nhất hai role; thu hồi có hiệu lực session/realtime; agent không sửa billing/provider; không vượt số seat.,delivery/evidence/p1-api-tests.txt; delivery/evidence/p1-restore-drill.json; delivery/contracts/P0-P1.md Pending invitation seat count is workspace-scoped (`workspace_id` predicate); auth/platform regression 3/3 pass. Browser invitation acceptance remains open.,D001–D005; G001/G002 visual parity open; external email not verified; module acceptance incomplete,codex/chatbot-delivery; local PostgreSQL 16; 127.0.0.1:4317
H16.03,H16,Thành viên nhóm và vai trò,P1,Backlog,Chưa gán,"Sale chính thức/thử việc/thực tập cùng vai trò theo D1. Manager thấy nhóm, Leader thấy tổng hợp; Leader không phải Platform Admin.",O: agents/teams/custom roles; P: mời nhận và quyền đa tài khoản.,H01 H02 H03 H05 H22 H23 H31,Mỗi endpoint thử allow/deny với ít nhất hai role; thu hồi có hiệu lực session/realtime; agent không sửa billing/provider; không vượt số seat.,,,
H16.04,H16,Thành viên nhóm và vai trò,P1,Backlog,Chưa gán,Membership account không đồng nghĩa tham gia tất cả inbox; agent assignment H05 và nhóm H03 cần kiểm soát server.,O: agents/teams/custom roles; P: mời nhận và quyền đa tài khoản.,H01 H02 H03 H05 H22 H23 H31,Mỗi endpoint thử allow/deny với ít nhất hai role; thu hồi có hiệu lực session/realtime; agent không sửa billing/provider; không vượt số seat.,,,
H16.05,H16,Thành viên nhóm và vai trò,P1,In progress,Codex (implementation/test); PO acceptance pending,"Mời hết hạn, email đã tồn tại, thu hồi, rời workspace và hạ quyền là P; không gửi lời mời người thật trong khảo sát.",O: agents/teams/custom roles; P: mời nhận và quyền đa tài khoản.,H01 H02 H03 H05 H22 H23 H31,Mỗi endpoint thử allow/deny với ít nhất hai role; thu hồi có hiệu lực session/realtime; agent không sửa billing/provider; không vượt số seat.,delivery/evidence/p1-api-tests.txt; delivery/evidence/p1-restore-drill.json; delivery/contracts/P0-P1.md Pending invitation seat count is workspace-scoped (`workspace_id` predicate); auth/platform regression 3/3 pass. Browser invitation acceptance remains open.,D001–D005; G001/G002 visual parity open; external email not verified; module acceptance incomplete,codex/chatbot-delivery; local PostgreSQL 16; 127.0.0.1:4317
H17.01,H17,Nhãn và thuộc tính tùy chỉnh,P2,Backlog,Chưa gán,"Nhãn: tên bắt buộc, mô tả, màu, Hiển thị nhãn trên sidebar bật; Hủy/Tạo, tên trống bị disabled.","O: form và types; P: lưu, list options, regex.",H12 H13 H18 H19 H25,"Trùng khóa, unicode, regex lỗi/tốn thời gian, xóa label đang dùng; filter cập nhật; permissions; migration type giữ dữ liệu đúng.",,,
H17.02,H17,Nhãn và thuộc tính tùy chỉnh,P2,Backlog,Chưa gán,"Thuộc tính: Cuộc hội thoại/Liên lạc; Áp dụng cho Conversation/Contact, tên hiển thị, khóa, mô tả*, kiểu và bật regex.","O: form và types; P: lưu, list options, regex.",H12 H13 H18 H19 H25,"Trùng khóa, unicode, regex lỗi/tốn thời gian, xóa label đang dùng; filter cập nhật; permissions; migration type giữ dữ liệu đúng.",,,
H17.03,H17,Nhãn và thuộc tính tùy chỉnh,P2,Backlog,Chưa gán,"Kiểu Text, Number, Link, Date, List, Checkbox; cần khảo sát từng form phụ và giá trị rỗng, format ngày, số thập phân.","O: form và types; P: lưu, list options, regex.",H12 H13 H18 H19 H25,"Trùng khóa, unicode, regex lỗi/tốn thời gian, xóa label đang dùng; filter cập nhật; permissions; migration type giữ dữ liệu đúng.",,,
H17.04,H17,Nhãn và thuộc tính tùy chỉnh,P2,Backlog,Chưa gán,Collection H12 ghi Contact attribute; automation H18 có thể thêm/xóa nhãn; reports H25 lọc theo nhãn.,"O: form và types; P: lưu, list options, regex.",H12 H13 H18 H19 H25,"Trùng khóa, unicode, regex lỗi/tốn thời gian, xóa label đang dùng; filter cập nhật; permissions; migration type giữ dữ liệu đúng.",,,
H17.05,H17,Nhãn và thuộc tính tùy chỉnh,P2,Backlog,Chưa gán,Đổi khóa/type có dữ liệu phải có migration hoặc chặn rõ; không silently drop. Đây là yêu cầu GoTek cần thiết kế.,"O: form và types; P: lưu, list options, regex.",H12 H13 H18 H19 H25,"Trùng khóa, unicode, regex lỗi/tốn thời gian, xóa label đang dùng; filter cập nhật; permissions; migration type giữ dữ liệu đúng.",,,
H18.01,H18,Tự động hóa hội thoại,P5,Backlog,Chưa gán,"Form Tên luật, Mô tả, Sự kiện, Điều kiện, Hành động; thêm/xóa hàng; hàng thứ hai VÀ/HOẶC.",O: builder; P: lưu và chạy.,H03 H16 H17 H21 H29 H32,"AND/OR truth table, trigger lặp, action2 lỗi sau action1, replay, quyền webhook, chống loop rule A↔B; có trạng thái partial failure.",,,
H18.02,H18,Tự động hóa hội thoại,P5,Backlog,Chưa gán,Trigger: hội thoại tạo/cập nhật/mở và tin nhắn tạo; condition có trạng thái/ngôn ngữ/email/quốc gia/phone/referrer/inbox/priority. Operator phụ thuộc kiểu; precedence AND/OR chưa chứng minh.,O: builder; P: lưu và chạy.,H03 H16 H17 H21 H29 H32,"AND/OR truth table, trigger lặp, action2 lỗi sau action1, replay, quyền webhook, chống loop rule A↔B; có trạng thái partial failure.",,,
H18.03,H18,Tự động hóa hội thoại,P5,Backlog,Chưa gán,"Actions: agent/team, thêm/xóa nhãn, email nhóm/transcript, tắt/hoãn/resolve, webhook, attachment/message, priority và Add SLA.",O: builder; P: lưu và chạy.,H03 H16 H17 H21 H29 H32,"AND/OR truth table, trigger lặp, action2 lỗi sau action1, replay, quyền webhook, chống loop rule A↔B; có trạng thái partial failure.",,,
H18.04,H18,Tự động hóa hội thoại,P5,Backlog,Chưa gán,"D2: version/dry run/action ledger; giới hạn vòng lặp, event idempotency, lỗi giữa chừng không tự lặp lại hành động đã thành công.",O: builder; P: lưu và chạy.,H03 H16 H17 H21 H29 H32,"AND/OR truth table, trigger lặp, action2 lỗi sau action1, replay, quyền webhook, chống loop rule A↔B; có trạng thái partial failure.",,,
H18.05,H18,Tự động hóa hội thoại,P5,Backlog,Chưa gán,Mỗi action nhận scope từ workspace; không cho rule gọi endpoint/đính kèm ngoài quyền hoặc gửi note nội bộ ra khách.,O: builder; P: lưu và chạy.,H03 H16 H17 H21 H29 H32,"AND/OR truth table, trigger lặp, action2 lỗi sau action1, replay, quyền webhook, chống loop rule A↔B; có trạng thái partial failure.",,,
H19.01,H19,Macro nhiều hành động,P5,Backlog,Chưa gán,Canvas Bắt đầu → action → Thêm hành động mới → Kết thúc; kéo tay cầm sắp thứ tự theo hướng dẫn nguồn.,O: builder/thứ tự/công khai; P: lưu và thực thi.,H03 H16 H17 H18 H20 H22,Hai agent kiểm visibility; kéo thứ tự; quyền gọi; action không còn hợp lệ; gửi file lỗi; replay không gửi đôi; note chỉ nội bộ.,,,
H19.02,H19,Macro nhiều hành động,P5,Backlog,Chưa gán,"Actions: team/agent, nhãn, gỡ nhóm, email transcript, tắt/hoãn/resolve, file/message, note riêng, priority.",O: builder/thứ tự/công khai; P: lưu và thực thi.,H03 H16 H17 H18 H20 H22,Hai agent kiểm visibility; kéo thứ tự; quyền gọi; action không còn hợp lệ; gửi file lỗi; replay không gửi đôi; note chỉ nội bộ.,,,
H19.03,H19,Macro nhiều hành động,P5,Backlog,Chưa gán,"Tên Macro; Công khai/Riêng tư; Lưu macro. Công khai là trong account, không phải Internet.",O: builder/thứ tự/công khai; P: lưu và thực thi.,H03 H16 H17 H18 H20 H22,Hai agent kiểm visibility; kéo thứ tự; quyền gọi; action không còn hợp lệ; gửi file lỗi; replay không gửi đôi; note chỉ nội bộ.,,,
H19.04,H19,Macro nhiều hành động,P5,Backlog,Chưa gán,Phân biệt macro do agent gọi với automation theo event; cả hai có action audit nhưng không chia sẻ quyền vượt role.,O: builder/thứ tự/công khai; P: lưu và thực thi.,H03 H16 H17 H18 H20 H22,Hai agent kiểm visibility; kéo thứ tự; quyền gọi; action không còn hợp lệ; gửi file lỗi; replay không gửi đôi; note chỉ nội bộ.,,,
H19.05,H19,Macro nhiều hành động,P5,Backlog,Chưa gán,"Xác minh note và reply khác nhau; partial failure cần báo action nào xong/lỗi, retry không gửi trùng.",O: builder/thứ tự/công khai; P: lưu và thực thi.,H03 H16 H17 H18 H20 H22,Hai agent kiểm visibility; kéo thứ tự; quyền gọi; action không còn hợp lệ; gửi file lỗi; replay không gửi đôi; note chỉ nội bộ.,,,
H20.01,H20,Thư mẫu phản hồi,P5,Backlog,Chưa gán,"Modal Mã rút gọn, Tin nhắn editor, tệp đính kèm, Hủy/Lưu; danh sách và tìm kiếm cần đối chiếu khi có dữ liệu.",O: form và giới hạn file; P: upload và composer.,H03 H19 H16 H32,"Mã trùng, 6file, 40MB+, MIME sai, thiếu quyền, template bị xóa; nội dung XSS; chèn đúng và gửi được phía visitor.",,,
H20.02,H20,Thư mẫu phản hồi,P5,Backlog,Chưa gán,"Hướng dẫn UI tối đa5 tệp, 40MB/tệp; ảnh/video/audio/PDF/DOC/DOCX. Không áp giới hạn này cho nguồn tri thức.",O: form và giới hạn file; P: upload và composer.,H03 H19 H16 H32,"Mã trùng, 6file, 40MB+, MIME sai, thiếu quyền, template bị xóa; nội dung XSS; chèn đúng và gửi được phía visitor.",,,
H20.03,H20,Thư mẫu phản hồi,P5,Backlog,Chưa gán,Composer dùng /mã để chèn thư; việc chọn mẫu không được tự gửi trước khi agent xác nhận theo UX cần kiểm chứng.,O: form và giới hạn file; P: upload và composer.,H03 H19 H16 H32,"Mã trùng, 6file, 40MB+, MIME sai, thiếu quyền, template bị xóa; nội dung XSS; chèn đúng và gửi được phía visitor.",,,
H20.04,H20,Thư mẫu phản hồi,P5,Backlog,Chưa gán,Tệp quét MIME/kích thước; URL tải có quyền và thời hạn; mẫu bị sửa/xóa khi agent đang soạn xử lý rõ.,O: form và giới hạn file; P: upload và composer.,H03 H19 H16 H32,"Mã trùng, 6file, 40MB+, MIME sai, thiếu quyền, template bị xóa; nội dung XSS; chèn đúng và gửi được phía visitor.",,,
H20.05,H20,Thư mẫu phản hồi,P5,Backlog,Chưa gán,"Mẫu câu AI H10 là dữ liệu cho bot, không phải canned reply cho agent. Hai module không gộp.",O: form và giới hạn file; P: upload và composer.,H03 H19 H16 H32,"Mã trùng, 6file, 40MB+, MIME sai, thiếu quyền, template bị xóa; nội dung XSS; chèn đúng và gửi được phía visitor.",,,
H21.01,H21,Tích hợp và webhook,P5,Backlog,Chưa gán,"Card: Webhooks, Ứng dụng bảng điều khiển, Linear, Dialogflow, Google Translate, Dyte, Lark, Google Sheets, Kim Kiều Flower, CDP, KiotViet. Không loại bỏ card mà chưa ghi quyết định sản phẩm.",O: 11 card và 10 event; P: kết nối/delivery.,H12 H14 H18 H26 H30 H31 H32,"Timeout, HTTP429/500, webhook trùng/out-of-order, quyền thu hồi, chữ ký sai, endpoint private; không leak secret; receipt cho từng connector.",,,
H21.02,H21,Tích hợp và webhook,P5,Backlog,Chưa gán,"Webhook form: tên tùy chọn, URL, checkbox event, Hủy/Tạo disabled khi trống.",O: 11 card và 10 event; P: kết nối/delivery.,H12 H14 H18 H26 H30 H31 H32,"Timeout, HTTP429/500, webhook trùng/out-of-order, quyền thu hồi, chữ ký sai, endpoint private; không leak secret; receipt cho từng connector.",,,
H21.03,H21,Tích hợp và webhook,P5,Backlog,Chưa gán,Event conversation_created/status_changed/updated; message_created/updated; webwidget_triggered; contact_created/updated; data_collected/data_collection_completed.,O: 11 card và 10 event; P: kết nối/delivery.,H12 H14 H18 H26 H30 H31 H32,"Timeout, HTTP429/500, webhook trùng/out-of-order, quyền thu hồi, chữ ký sai, endpoint private; không leak secret; receipt cho từng connector.",,,
H21.04,H21,Tích hợp và webhook,P5,Backlog,Chưa gán,"D2: secret vault, scope, signature contract, retry hữu hạn, outbox/dead letter/replay và delivery log; các chi tiết này chưa xác minh là cơ chế HiChat.",O: 11 card và 10 event; P: kết nối/delivery.,H12 H14 H18 H26 H30 H31 H32,"Timeout, HTTP429/500, webhook trùng/out-of-order, quyền thu hồi, chữ ký sai, endpoint private; không leak secret; receipt cho từng connector.",,,
H21.05,H21,Tích hợp và webhook,P5,Backlog,Chưa gán,Connector ngành cần mapping dữ liệu và API thật riêng. Ứng dụng bảng điều khiển cần sandbox nội dung nhúng và quyền; không mặc định chung contract với webhook.,O: 11 card và 10 event; P: kết nối/delivery.,H12 H14 H18 H26 H30 H31 H32,"Timeout, HTTP429/500, webhook trùng/out-of-order, quyền thu hồi, chữ ký sai, endpoint private; không leak secret; receipt cho từng connector.",,,
H22.01,H22,Audit và bảo mật SSO,"P1, P5",In progress,Codex (implementation/test); PO acceptance pending,"Audit có actor, vai trò, thời gian/IP trong event mời; không đưa IP thật vào tài liệu. Một event không chứng minh bao phủ tất cả thao tác.",O: event mời admin; SSO lỗi tải; P: cấu hình hoạt động.,H01 H16 H28 H32,Login và cấu hình bị từ chối có log; redaction; role revoked; SSO error/retry; tài khoản admin khôi phục; log không sửa trái phép.,delivery/evidence/p1-api-tests.txt; delivery/evidence/p1-restore-drill.json; delivery/contracts/P0-P1.md,D001–D005; G001/G002 visual parity open; external email not verified; module acceptance incomplete,codex/chatbot-delivery; local PostgreSQL 16; 127.0.0.1:4317
H22.02,H22,Audit và bảo mật SSO,"P1, P5",Backlog,Chưa gán,SSO mô tả Google Workspace/Microsoft/Okta và công tắc; đã thấy Không tải được cài đặt. Vui lòng thử lại. Không coi lỗi này là yêu cầu tái tạo.,O: event mời admin; SSO lỗi tải; P: cấu hình hoạt động.,H01 H16 H28 H32,Login và cấu hình bị từ chối có log; redaction; role revoked; SSO error/retry; tài khoản admin khôi phục; log không sửa trái phép.,,,
H22.03,H22,Audit và bảo mật SSO,"P1, P5",Backlog,Chưa gán,"GoTek: log actor/action/target/change/time/request/reason, có retention và quyền export; không lưu secret hoặc toàn nội dung chat mặc định.",O: event mời admin; SSO lỗi tải; P: cấu hình hoạt động.,H01 H16 H28 H32,Login và cấu hình bị từ chối có log; redaction; role revoked; SSO error/retry; tài khoản admin khôi phục; log không sửa trái phép.,,,
H22.04,H22,Audit và bảo mật SSO,"P1, P5",Backlog,Chưa gán,Bật SSO cần test fallback admin và tránh lockout; role mapping và revoke phải đúng workspace. Chi tiết form chờ xác minh.,O: event mời admin; SSO lỗi tải; P: cấu hình hoạt động.,H01 H16 H28 H32,Login và cấu hình bị từ chối có log; redaction; role revoked; SSO error/retry; tài khoản admin khôi phục; log không sửa trái phép.,,,
H22.05,H22,Audit và bảo mật SSO,"P1, P5",Backlog,Chưa gán,"Đăng nhập/SSO, hỗ trợ platform và content audit là quyền riêng; không dùng một toggle chung.",O: event mời admin; SSO lỗi tải; P: cấu hình hoạt động.,H01 H16 H28 H32,Login và cấu hình bị từ chối có log; redaction; role revoked; SSO error/retry; tài khoản admin khôi phục; log không sửa trái phép.,,,
H23.01,H23,Gói quota billing và nâng cấp,"P1, P5",Backlog,Chưa gán,"Sandbox: Starter/Hoạt động/Miễn phí/Trọn đời/1 giấy phép; Usage người1/2, inbox1/2, AI0/2000, kho0/16. Không coi đây là giá GoTek.",O: billing/usage; P: upgrade/payment và meter thực.,H08 H10 H16 H28 H32,Vượt ngưỡng; reset chu kỳ/timezone; concurrent request gần ngưỡng; payment callback trùng; downgrade không mất dữ liệu; UNKNOWN không coi thất bại để thu tiền lại.,; delivery/evidence/core-followup-2026-09-27.txt,"; 2026-09-27: expired provisioned AI budget fails closed; provider probe releases DB before network; targeted tests only, full acceptance pending.",
H23.02,H23,Gói quota billing và nâng cấp,"P1, P5",Backlog,Chưa gán,"Hạn mức theo từng loại: 2user,2inbox,2000AI hệ thống/tháng,2500API riêng,FAQ5,training5,ảnh2,web1,field3,rule2,sample3.",O: billing/usage; P: upgrade/payment và meter thực.,H08 H10 H16 H28 H32,Vượt ngưỡng; reset chu kỳ/timezone; concurrent request gần ngưỡng; payment callback trùng; downgrade không mất dữ liệu; UNKNOWN không coi thất bại để thu tiền lại.,,,
H23.03,H23,Gói quota billing và nâng cấp,"P1, P5",Backlog,Chưa gán,Nút cổng thanh toán/xem giới hạn/hỗ trợ; nâng cấp chưa thực hiện. Chênh 1 giấy phép và limit2 chưa giải thích.,O: billing/usage; P: upgrade/payment và meter thực.,H08 H10 H16 H28 H32,Vượt ngưỡng; reset chu kỳ/timezone; concurrent request gần ngưỡng; payment callback trùng; downgrade không mất dữ liệu; UNKNOWN không coi thất bại để thu tiền lại.,,,
H23.04,H23,Gói quota billing và nâng cấp,"P1, P5",In progress,Codex,"D1 đề nghị tier hội thoại/tháng; phải tách conversation, AI response, seat, inbox, storage và token. Không cộng meter khác đơn vị.",O: billing/usage; P: upgrade/payment và meter thực.,H08 H10 H16 H28 H32,Vượt ngưỡng; reset chu kỳ/timezone; concurrent request gần ngưỡng; payment callback trùng; downgrade không mất dữ liệu; UNKNOWN không coi thất bại để thu tiền lại.,tests/quota.test.ts; delivery/evidence/p1-api-tests.txt; delivery/contracts/P1-QUOTA.md,"D007; provider runtime, billing receipts and UI parity pending",codex/chatbot-delivery; local PostgreSQL 16
H23.05,H23,Gói quota billing và nâng cấp,"P1, P5",In progress,Codex,"D2: entitlement chỉ cấp sau event xác nhận, webhook chống trùng; cancel/refund/grace/downgrade lưu policy. Sau core ở E09, nhưng quota guard phải có trong core.",O: billing/usage; P: upgrade/payment và meter thực.,H08 H10 H16 H28 H32,Vượt ngưỡng; reset chu kỳ/timezone; concurrent request gần ngưỡng; payment callback trùng; downgrade không mất dữ liệu; UNKNOWN không coi thất bại để thu tiền lại.,tests/quota.test.ts; delivery/evidence/p1-api-tests.txt; delivery/contracts/P1-QUOTA.md,"D007; provider runtime, billing receipts and UI parity pending",codex/chatbot-delivery; local PostgreSQL 16
H24.01,H24,Báo cáo tổng quan hội thoại CSAT SLA,"P4, P5",Backlog,Chưa gán,"Overview: open/unassigned/pending, trạng thái agent, heatmap giờ0–24, khối team/inbox/label và agent; không tự thay bằng dashboard doanh thu.",O: filter/chỉ số/empty; P: công thức và export.,H03 H05 H06 H16 H17 H29 H32,"Dataset nhỏ có đáp án tính tay; 0 mẫu, ngoài giờ, reopen, missing agent, bot reply; export bằng UI; quyền analyst; drilldown tái tính đúng.",,,
H24.02,H24,Báo cáo tổng quan hội thoại CSAT SLA,"P4, P5",Backlog,Chưa gán,"Conversation: khoảng7ngày/30ngày/3tháng/6tháng/nămngoái/custom,24x7; conversations,incoming/outgoing,first reply,resolution,resolved count,pending time.",O: filter/chỉ số/empty; P: công thức và export.,H03 H05 H06 H16 H17 H29 H32,"Dataset nhỏ có đáp án tính tay; 0 mẫu, ngoài giờ, reopen, missing agent, bot reply; export bằng UI; quyền analyst; drilldown tái tính đúng.",,,
H24.03,H24,Báo cáo tổng quan hội thoại CSAT SLA,"P4, P5",Backlog,Chưa gán,"CSAT: agent/team/inbox, bộ chọn chưa rõ nhãn, date/export; total responses/satisfaction/response rate; empty phân trang1/0.",O: filter/chỉ số/empty; P: công thức và export.,H03 H05 H06 H16 H17 H29 H32,"Dataset nhỏ có đáp án tính tay; 0 mẫu, ngoài giờ, reopen, missing agent, bot reply; export bằng UI; quyền analyst; drilldown tái tính đúng.",,,
H24.04,H24,Báo cáo tổng quan hội thoại CSAT SLA,"P4, P5",Backlog,Chưa gán,"SLA: Hit Rate/Misses/Conversations; filter SLA Policy,inbox,agent,team,label; list conversation/policy/agent. Sandbox0conversation nhưng Hit Rate100%.",O: filter/chỉ số/empty; P: công thức và export.,H03 H05 H06 H16 H17 H29 H32,"Dataset nhỏ có đáp án tính tay; 0 mẫu, ngoài giờ, reopen, missing agent, bot reply; export bằng UI; quyền analyst; drilldown tái tính đúng.",,,
H24.05,H24,Báo cáo tổng quan hội thoại CSAT SLA,"P4, P5",Backlog,Chưa gán,"Metric dictionary GoTek phải định nghĩa numerator/denominator, timezone, bot/agent, reopened, business hours, empty; chưa có dữ liệu thì không tự khẳng định bằng công thức tên gọi.",O: filter/chỉ số/empty; P: công thức và export.,H03 H05 H06 H16 H17 H29 H32,"Dataset nhỏ có đáp án tính tay; 0 mẫu, ngoài giờ, reopen, missing agent, bot reply; export bằng UI; quyền analyst; drilldown tái tính đúng.",,,
H25.01,H25,Báo cáo dữ liệu kênh agent nhãn nhóm,"P4, P5",Backlog,Chưa gán,"Data collection: XLSX,date,trường,tìm kiếm,status tất cả/đã hoàn tất/đang/chưa thu; sort completion/update/name tăng/giảm.",O: đủ các màn/bộ lọc; P: dữ liệu thực và export.,H12 H13 H16 H17 H24,"Required vs all, thay schema field, khách sửa dữ liệu; label bị gỡ; agent rời nhóm; range/timezone; XLSX tiếng Việt, công thức CSV injection.",,,
H25.02,H25,Báo cáo dữ liệu kênh agent nhãn nhóm,"P4, P5",Backlog,Chưa gán,"Thẻ tổng khách/đủ/đang/chưa có; tiến độ tuần, theo trường, chi tiết khách. Cảnh báo chưa bật collection/không có trường không phải lỗi xử lý.",O: đủ các màn/bộ lọc; P: dữ liệu thực và export.,H12 H13 H16 H17 H24,"Required vs all, thay schema field, khách sửa dữ liệu; label bị gỡ; agent rời nhóm; range/timezone; XLSX tiếng Việt, công thức CSV injection.",,,
H25.03,H25,Báo cáo dữ liệu kênh agent nhãn nhóm,"P4, P5",Backlog,Chưa gán,"Inbox/agent: chọn đối tượng,date,24x7,export và metrics hội thoại. Nhãn/team có title Tổng quan, bộ chọn,7ngày,24x7,Tải báo cáo.",O: đủ các màn/bộ lọc; P: dữ liệu thực và export.,H12 H13 H16 H17 H24,"Required vs all, thay schema field, khách sửa dữ liệu; label bị gỡ; agent rời nhóm; range/timezone; XLSX tiếng Việt, công thức CSV injection.",,,
H25.04,H25,Báo cáo dữ liệu kênh agent nhãn nhóm,"P4, P5",Backlog,Chưa gán,Dropdown giờ ở nhãn có Giờ làm việc/24x7; nhóm hiện List is empty. Chưa thấy biểu đồ sau khi chọn nhóm hoặc nhãn có dữ liệu.,O: đủ các màn/bộ lọc; P: dữ liệu thực và export.,H12 H13 H16 H17 H24,"Required vs all, thay schema field, khách sửa dữ liệu; label bị gỡ; agent rời nhóm; range/timezone; XLSX tiếng Việt, công thức CSV injection.",,,
H25.05,H25,Báo cáo dữ liệu kênh agent nhãn nhóm,"P4, P5",Backlog,Chưa gán,"Export là dữ liệu cá nhân, phải cùng scope filter/permission; giá trị bảng và file phải đối soát, không lộ khách tenant khác.",O: đủ các màn/bộ lọc; P: dữ liệu thực và export.,H12 H13 H16 H17 H24,"Required vs all, thay schema field, khách sửa dữ liệu; label bị gỡ; agent rời nhóm; range/timezone; XLSX tiếng Việt, công thức CSV injection.",,,
H26.01,H26,Tóm tắt AI và báo cáo định kỳ,P5,Backlog,Chưa gán,"Bulk: inbox,status open/pending/resolved/all,7ngày/30/custom,số dòng10/20/50/100; Tạo tóm tắt/Tạo lại tất cả; chưa chạy AI.",O: form bao gồm Lark; P: AI run/schedule delivery.,H03 H08 H21 H24 H25 H31,"Không data, AI lỗi/hết quota, nhiều lịch trùng, timezone/DST; người nhận mất quyền; retry không gửi đôi; không gửi chat nội bộ vào nhóm ngoài scope.",,,
H26.02,H26,Tóm tắt AI và báo cáo định kỳ,P5,Backlog,Chưa gán,"Scheduled: tên,active,open-or-pending/only-open/all,timezone,inbox nguồn trống=tất cả; một hoặc thêm lịch.",O: form bao gồm Lark; P: AI run/schedule delivery.,H03 H08 H21 H24 H25 H31,"Không data, AI lỗi/hết quota, nhiều lịch trùng, timezone/DST; người nhận mất quyền; retry không gửi đôi; không gửi chat nội bộ vào nhóm ngoài scope.",,,
H26.03,H26,Tóm tắt AI và báo cáo định kỳ,P5,Backlog,Chưa gán,Đích Chatwoot: inbox nhận→contact nhận; đích Lark: kết nối→nhóm. Trường sau disabled khi chưa chọn trường trước.,O: form bao gồm Lark; P: AI run/schedule delivery.,H03 H08 H21 H24 H25 H31,"Không data, AI lỗi/hết quota, nhiều lịch trùng, timezone/DST; người nhận mất quyền; retry không gửi đôi; không gửi chat nội bộ vào nhóm ngoài scope.",,,
H26.04,H26,Tóm tắt AI và báo cáo định kỳ,P5,Backlog,Chưa gán,"Khoảng Trong ngày/tuần/tháng/năm,Giờ18/Phút0 đang hiển thị; chọn tuần không xuất hiện thứ trong lần thử. Cần chốt ranh giới kỳ và tần suất.",O: form bao gồm Lark; P: AI run/schedule delivery.,H03 H08 H21 H24 H25 H31,"Không data, AI lỗi/hết quota, nhiều lịch trùng, timezone/DST; người nhận mất quyền; retry không gửi đôi; không gửi chat nội bộ vào nhóm ngoài scope.",,,
H26.05,H26,Tóm tắt AI và báo cáo định kỳ,P5,Backlog,Chưa gán,Lịch tổng hợp khách chờ trả lời theo mô tả nguồn; không tự dùng để broadcast marketing. Scheduler phải dedup theo report/window/destination và có receipt.,O: form bao gồm Lark; P: AI run/schedule delivery.,H03 H08 H21 H24 H25 H31,"Không data, AI lỗi/hết quota, nhiều lịch trùng, timezone/DST; người nhận mất quyền; retry không gửi đôi; không gửi chat nội bộ vào nhóm ngoài scope.",,,
H27.01,H27,Responsive bàn phím và khả năng tiếp cận,"P2, P4, P5",Backlog,Chưa gán,Desktop giữ rail/module sidebar/content theo ảnh nguồn. Hẹp: menu tab chuyển dropdown đã quan sát ở widget settings; breakpoint cụ thể chưa đo.,O: cấu hình inbox hẹp đổi menu; P: matrix viewport và keyboard đầy đủ.,H01 H03 H07 H10 H13 H24,"Desktop1280/1440,tablet768,mobile390/360 là viewport test đề xuất; capture nguồn tương ứng trước chốt. Tab/ShiftTab/Enter/Escape,200% zoom, lỗi form và đọc nhãn.",,,
H27.02,H27,Responsive bàn phím và khả năng tiếp cận,"P2, P4, P5",Backlog,Chưa gán,Inbox mobile cần list→conversation→contact có đường quay lại và giữ draft; đây là yêu cầu chất lượng GoTek chờ đối chiếu HiChat mobile.,O: cấu hình inbox hẹp đổi menu; P: matrix viewport và keyboard đầy đủ.,H01 H03 H07 H10 H13 H24,"Desktop1280/1440,tablet768,mobile390/360 là viewport test đề xuất; capture nguồn tương ứng trước chốt. Tab/ShiftTab/Enter/Escape,200% zoom, lỗi form và đọc nhãn.",,,
H27.03,H27,Responsive bàn phím và khả năng tiếp cận,"P2, P4, P5",Backlog,Chưa gán,"Modal: focus vào form, trap focus, Escape/Hủy không lưu, trở về trigger; validation đặt ngay trường và đọc được bằng screen reader.",O: cấu hình inbox hẹp đổi menu; P: matrix viewport và keyboard đầy đủ.,H01 H03 H07 H10 H13 H24,"Desktop1280/1440,tablet768,mobile390/360 là viewport test đề xuất; capture nguồn tương ứng trước chốt. Tab/ShiftTab/Enter/Escape,200% zoom, lỗi form và đọc nhãn.",,,
H27.04,H27,Responsive bàn phím và khả năng tiếp cận,"P2, P4, P5",Backlog,Chưa gán,"Widget: safe area, bàn phím ảo, upload progress, reconnect và launcher không che CTA website; không dùng màu làm dấu hiệu duy nhất.",O: cấu hình inbox hẹp đổi menu; P: matrix viewport và keyboard đầy đủ.,H01 H03 H07 H10 H13 H24,"Desktop1280/1440,tablet768,mobile390/360 là viewport test đề xuất; capture nguồn tương ứng trước chốt. Tab/ShiftTab/Enter/Escape,200% zoom, lỗi form và đọc nhãn.",,,
H27.05,H27,Responsive bàn phím và khả năng tiếp cận,"P2, P4, P5",Backlog,Chưa gán,"Khóa baseline theo viewport/state/theme/font. Không cho AI tự thêm layout SaaS marketing, bento card hoặc animation chưa có trong nguồn.",O: cấu hình inbox hẹp đổi menu; P: matrix viewport và keyboard đầy đủ.,H01 H03 H07 H10 H13 H24,"Desktop1280/1440,tablet768,mobile390/360 là viewport test đề xuất; capture nguồn tương ứng trước chốt. Tab/ShiftTab/Enter/Escape,200% zoom, lỗi form và đọc nhãn.",,,
H28.01,H28,Platform Admin và cấp quyền AI,"P1, P4",In progress,Codex; acceptance pending,Tách console platform với workspace; không giả định HiChat có bố cục Platform Admin giống dashboard khách.,D: D2; P: thiết kế và runtime GoTek.,H02 H08 H22 H23 H32,Grant sai capability bị chặn; key không xuất browser; support expiry; disable provider có fallback; cross-tenant; restore không tự mở grant cũ.,delivery/evidence/core-platform-ai-agent-2026-09-25.txt; delivery/evidence/core-followup-2026-09-27.txt; delivery/evidence/p0-platform-agent-2026-09-27.txt; tests/platform.test.ts; tests/provider-receipt-contract.test.ts; tests/provider-runtime-errors.test.ts; tests/platform-provider-probe.test.ts,"D009; console provisional, support grants/fallback/provider receipts and full UI acceptance pending; Platform Agent concurrent request replay verified in HTTP/PostgreSQL local adapter; live provider crash recovery pending; distinct concurrent Platform Agent turns serialize session history and update activity; HTTP/DB transport-fixture verified; inference transaction refactor pending; Platform detached pool identity cleanup fixed; durable cross-process idempotency and session ordering remain unverified; see checkpoint correction.; 2026-09-27: expired provisioned AI budget fails closed; provider probe releases DB before network; targeted tests only, full acceptance pending.; 2026-09-27: Platform Agent actor/session/idempotency/lease recovery/redaction focused 9/9 pass; token/cost/quota ownership for platform turns is UNKNOWN / NEEDS VERIFICATION and no live provider receipt exists.",codex/chatbot-delivery; local PostgreSQL 16
H28.02,H28,Platform Admin và cấp quyền AI,"P1, P4",In progress,Codex; acceptance pending,Registry provider/model/capability; secret reference; grant tenant/bot; routing/fallback; quota và kill switch có reason/audit.,D: D2; P: thiết kế và runtime GoTek.,H02 H08 H22 H23 H32,Grant sai capability bị chặn; key không xuất browser; support expiry; disable provider có fallback; cross-tenant; restore không tự mở grant cũ.,delivery/evidence/core-platform-ai-agent-2026-09-25.txt,"D009; console provisional, support grants/fallback/provider receipts and full UI acceptance pending; provider probe now requires enabled chat model and nonempty output; focused mocked-transport test passed, real receipt pending; session history API, failure trace persistence, provider probe UI readback implemented; receipt/capability acceptance pending; audit correction: provider lacks prior-turn context; durable/concurrent/new-session idempotency unimplemented; actor-owned INSERT RLS and chat capability gate pending; chat capability gate + actor-owned message RLS migration 027 verified; provider history/concurrent ledger pending; Platform detached pool identity cleanup fixed; durable cross-process idempotency and session ordering remain unverified; see checkpoint correction.",codex/chatbot-delivery; local PostgreSQL 16
H28.03,H28,Platform Admin và cấp quyền AI,"P1, P4",In progress,Codex,"Support chỉ metadata mặc định; truy cập nội dung cần grant đúng scope, lý do, thời hạn và log; hết hạn mất quyền.",D: D2; P: thiết kế và runtime GoTek.,H02 H08 H22 H23 H32,Grant sai capability bị chặn; key không xuất browser; support expiry; disable provider có fallback; cross-tenant; restore không tự mở grant cũ.,delivery/contracts/P1-SUPPORT.md; tests/support.test.ts; delivery/evidence/p1-api-tests.txt,D010; metadata scope implemented; content grants and browser acceptance pending; Platform detached pool identity cleanup fixed; durable cross-process idempotency and session ordering remain unverified; see checkpoint correction.,codex/chatbot-delivery; local PostgreSQL 16
H28.04,H28,Platform Admin và cấp quyền AI,"P1, P4",In progress,Codex,"Tenant lifecycle, plan và health job/queue nối H23/H32; emergency disable không xóa dữ liệu.",D: D2; P: thiết kế và runtime GoTek.,H02 H08 H22 H23 H32,Grant sai capability bị chặn; key không xuất browser; support expiry; disable provider có fallback; cross-tenant; restore không tự mở grant cũ.,tests/platform.test.ts; delivery/evidence/p1-api-tests.txt; delivery/contracts/P1-PLATFORM.md,D011; lifecycle local implemented; plan/health/full browser acceptance pending; Platform detached pool identity cleanup fixed; durable cross-process idempotency and session ordering remain unverified; see checkpoint correction.,codex/chatbot-delivery; local PostgreSQL 16
H28.05,H28,Platform Admin và cấp quyền AI,"P1, P4",Backlog,Chưa gán,"UI dùng component Gotek từ shell đã đối chiếu, nhưng navigation platform là thiết kế riêng có nhãn đề xuất, PO duyệt trước code.",D: D2; P: thiết kế và runtime GoTek.,H02 H08 H22 H23 H32,Grant sai capability bị chặn; key không xuất browser; support expiry; disable provider có fallback; cross-tenant; restore không tự mở grant cũ.,,; Platform detached pool identity cleanup fixed; durable cross-process idempotency and session ordering remain unverified; see checkpoint correction.,
H29.01,H29,Ticket SLA và escalation,P6,Backlog,Chưa gán,"Ticket liên kết conversation/contact,không tự tạo trùng khi retry; assignee,status,priority,SLA,attachment và note.",D: yêu cầu nguồn; P: UI/runtime.,H03 H06 H13 H16 H21 H24,Retry không nhân ticket; reopen khởi động đồng hồ theo policy; quá hạn và ngày nghỉ; note không lộ; assignee rời nhóm; khách xem đúng ticket.,,,
H29.02,H29,Ticket SLA và escalation,P6,Backlog,Chưa gán,"Chuyển từ chat sang ticket giữ bối cảnh và quyền; khách chỉ thấy nội dung public, note nội bộ luôn tách.",D: yêu cầu nguồn; P: UI/runtime.,H03 H06 H13 H16 H21 H24,Retry không nhân ticket; reopen khởi động đồng hồ theo policy; quá hạn và ngày nghỉ; note không lộ; assignee rời nhóm; khách xem đúng ticket.,,,
H29.03,H29,Ticket SLA và escalation,P6,Backlog,Chưa gán,"SLA theo policy đã chốt: giờ kinh doanh,timezones,pause/escalation; báo cáo H24 cần dùng cùng event và definition.",D: yêu cầu nguồn; P: UI/runtime.,H03 H06 H13 H16 H21 H24,Retry không nhân ticket; reopen khởi động đồng hồ theo policy; quá hạn và ngày nghỉ; note không lộ; assignee rời nhóm; khách xem đúng ticket.,,,
H29.04,H29,Ticket SLA và escalation,P6,Backlog,Chưa gán,Resolve/reopen và escalation có thông báo đúng đối tượng; không đồng nhất đóng hội thoại với hoàn tất ticket.,D: yêu cầu nguồn; P: UI/runtime.,H03 H06 H13 H16 H21 H24,Retry không nhân ticket; reopen khởi động đồng hồ theo policy; quá hạn và ngày nghỉ; note không lộ; assignee rời nhóm; khách xem đúng ticket.,,,
H29.05,H29,Ticket SLA và escalation,P6,Backlog,Chưa gán,Core phải có handoff ổn định; ticket nâng cao sau core E07. Không lùi reply ownership/consent theo mục đích sang giai đoạn sau.,D: yêu cầu nguồn; P: UI/runtime.,H03 H06 H13 H16 H21 H24,Retry không nhân ticket; reopen khởi động đồng hồ theo policy; quá hạn và ngày nghỉ; note không lộ; assignee rời nhóm; khách xem đúng ticket.,,,
H30.01,H30,Đa kênh và nhận diện khách,P6,Backlog,Chưa gán,Facebook/Zalo/Telegram là phạm vi cần xem contract riêng; không đồng nhất webhook hay widget với omnichannel đã hoàn chỉnh.,O/D: danh mục kênh; P: provider connect và receipt.,H03 H04 H13 H16 H21 H23,"Webhook duplicate/out-of-order, hết token, quá cửa sổ, media không hỗ trợ, revoke; E2E inbound/outbound riêng mỗi kênh, không chỉ card Cấu hình.",,,
H30.02,H30,Đa kênh và nhận diện khách,P6,Backlog,Chưa gán,"Mỗi kênh cần loại tài khoản hỗ trợ, callback/subscription, token expiry/revoke,định dạng message/media và hạn chế thời gian trả lời.",O/D: danh mục kênh; P: provider connect và receipt.,H03 H04 H13 H16 H21 H23,"Webhook duplicate/out-of-order, hết token, quá cửa sổ, media không hỗ trợ, revoke; E2E inbound/outbound riêng mỗi kênh, không chỉ card Cấu hình.",,,
H30.03,H30,Đa kênh và nhận diện khách,P6,Backlog,Chưa gán,"Identity theo channel+external_id+workspace; không gộp người chỉ vì trùng tên,avatar,phone chưa xác minh.",O/D: danh mục kênh; P: provider connect và receipt.,H03 H04 H13 H16 H21 H23,"Webhook duplicate/out-of-order, hết token, quá cửa sổ, media không hỗ trợ, revoke; E2E inbound/outbound riêng mỗi kênh, không chỉ card Cấu hình.",,,
H30.04,H30,Đa kênh và nhận diện khách,P6,Backlog,Chưa gán,Composer chỉ bật capability kênh cho phép; rate limit/permission denied/unsend hay delivery status phải hiển thị rõ.,O/D: danh mục kênh; P: provider connect và receipt.,H03 H04 H13 H16 H21 H23,"Webhook duplicate/out-of-order, hết token, quá cửa sổ, media không hỗ trợ, revoke; E2E inbound/outbound riêng mỗi kênh, không chỉ card Cấu hình.",,,
H30.05,H30,Đa kênh và nhận diện khách,P6,Backlog,Chưa gán,Sau core triển khai từng kênh E10; migration conversation và timeline không làm lộ note/nguồn nội bộ.,O/D: danh mục kênh; P: provider connect và receipt.,H03 H04 H13 H16 H21 H23,"Webhook duplicate/out-of-order, hết token, quá cửa sổ, media không hỗ trợ, revoke; E2E inbound/outbound riêng mỗi kênh, không chỉ card Cấu hình.",,,
H31.01,H31,Lark Wiki và quyền tri thức kinh doanh,"P3, P6",Backlog,Chưa gán,"Quyền ứng dụng quyết định ai xem/chat/phân bổ; quyền RAG quyết định nguồn trả lời. Phải kiểm cả hai, không dùng role UI để thay ACL nguồn.",D: hai lớp quyền; P: ACL nguồn và sync.,H10 H11 H13 H16 H21 H28 H32,Người khác phòng không thấy snippet/citation; revoke có hiệu lực trong thời gian chốt; link gốc kiểm quyền; tenant khác cùng email không được truy cập.,,,
H31.02,H31,Lark Wiki và quyền tri thức kinh doanh,"P3, P6",Backlog,Chưa gán,"Lark Wiki cần audit quyền hiện có; metadata filter,permission sync hoặc check realtime là ba lựa chọn chưa chốt; revoke phải tác động cache và index.",D: hai lớp quyền; P: ACL nguồn và sync.,H10 H11 H13 H16 H21 H28 H32,Người khác phòng không thấy snippet/citation; revoke có hiệu lực trong thời gian chốt; link gốc kiểm quyền; tenant khác cùng email không được truy cập.,,,
H31.03,H31,Lark Wiki và quyền tri thức kinh doanh,"P3, P6",Backlog,Chưa gán,"Dữ liệu tri thức tách khách hàng/hội thoại; lương,hợp đồng,tài chính nội bộ loại khỏi nguồn AI theo D1.",D: hai lớp quyền; P: ACL nguồn và sync.,H10 H11 H13 H16 H21 H28 H32,Người khác phòng không thấy snippet/citation; revoke có hiệu lực trong thời gian chốt; link gốc kiểm quyền; tenant khác cùng email không được truy cập.,,,
H31.04,H31,Lark Wiki và quyền tri thức kinh doanh,"P3, P6",Backlog,Chưa gán,"Sale cùng quyền dù chính thức/thử việc/thực tập; manager scope nhóm; leader tổng hợp và policy,không default chat thường nhật.",D: hai lớp quyền; P: ACL nguồn và sync.,H10 H11 H13 H16 H21 H28 H32,Người khác phòng không thấy snippet/citation; revoke có hiệu lực trong thời gian chốt; link gốc kiểm quyền; tenant khác cùng email không được truy cập.,,,
H31.05,H31,Lark Wiki và quyền tri thức kinh doanh,"P3, P6",Backlog,Chưa gán,Sau core E04/E05 triển khai Lark/internal assistant; nguồn public website vẫn cách ly ngay trong core. Nội bộ không buộc tạo CRM lead.,D: hai lớp quyền; P: ACL nguồn và sync.,H10 H11 H13 H16 H21 H28 H32,Người khác phòng không thấy snippet/citation; revoke có hiệu lực trong thời gian chốt; link gốc kiểm quyền; tenant khác cùng email không được truy cập.,,,
H32.01,H32,Vận hành privacy và khôi phục,"P1, P4",Backlog,Chưa gán,Log metadata request/model/provider/time/usage/cost/error; nội dung chỉ bật Content Audit có policy/retention/role; redaction secret.,D: yêu cầu; P: production/restore thực.,H08 H11 H21 H22 H23 H28,Restore sang môi trường mới; kiểm ACL/file/index; không replay side effect; quota reconciliation; lỗi provider; retention purge đúng scope; drill incident và rollback., Full local regression after core changes: 128/128 tests pass; unknown jobs remain non-auto-retry pending operator receipt workflow.,,
H32.02,H32,Vận hành privacy và khôi phục,"P1, P4",In progress,Codex,Worker bounded: claim/retry/backoff/stale recovery/dead letter; idempotency cho mọi side effect và trạng thái UNKNOWN khi chưa có receipt.,D: yêu cầu; P: production/restore thực.,H08 H11 H21 H22 H23 H28,Restore sang môi trường mới; kiểm ACL/file/index; không replay side effect; quota reconciliation; lỗi provider; retention purge đúng scope; drill incident và rollback.,delivery/contracts/P1-JOBS.md; tests/jobs.test.ts; delivery/evidence/p1-api-tests.txt; delivery/evidence/p0-jobs-recovery-2026-09-27.txt; tests/jobs-recovery-null-lease.test.ts,D008; actual business handlers/provider receipts and browser UI acceptance pending; 2026-09-27: NULL-lease recovery regression 1/1 and existing H32.02 unknown/dead/retry suites pass; production worker/browser acceptance remains pending.,codex/chatbot-delivery; PostgreSQL local/test
H32.03,H32,Vận hành privacy và khôi phục,"P1, P4",In progress,Codex (implementation/test); PO acceptance pending,"Backup database/object/schema/config/secret reference; môi trường restore cô lập,cấm gửi email/webhook và giao dịch cũ.",D: yêu cầu; P: production/restore thực.,H08 H11 H21 H22 H23 H28,Restore sang môi trường mới; kiểm ACL/file/index; không replay side effect; quota reconciliation; lỗi provider; retention purge đúng scope; drill incident và rollback.,delivery/evidence/p1-api-tests.txt; delivery/evidence/p1-restore-drill.json; delivery/contracts/P0-P1.md,D001–D005; G001/G002 visual parity open; external email not verified; module acceptance incomplete,codex/chatbot-delivery; local PostgreSQL 16; 127.0.0.1:4317
H32.04,H32,Vận hành privacy và khôi phục,"P1, P4",In progress,Codex (implementation/test); PO acceptance pending,"Đối soát số lượng,file,ACL,index; RPO/RTO cần chủ hệ thống chốt và diễn tập,không coi Git checkpoint là backup dữ liệu.",D: yêu cầu; P: production/restore thực.,H08 H11 H21 H22 H23 H28,Restore sang môi trường mới; kiểm ACL/file/index; không replay side effect; quota reconciliation; lỗi provider; retention purge đúng scope; drill incident và rollback.,delivery/evidence/p1-api-tests.txt; delivery/evidence/p1-restore-drill.json; delivery/contracts/P0-P1.md,D001–D005; G001/G002 visual parity open; external email not verified; module acceptance incomplete,codex/chatbot-delivery; local PostgreSQL 16; 127.0.0.1:4317
H32.05,H32,Vận hành privacy và khôi phục,"P1, P4",Backlog,Chưa gán,"Incident/rollback/kill switch, retention/export/delete và tenant closure; bản phát hành cần owner ký evidence. Core không được hoãn tenant isolation,bảo mật,backup tối thiểu.",D: yêu cầu; P: production/restore thực.,H08 H11 H21 H22 H23 H28,Restore sang môi trường mới; kiểm ACL/file/index; không replay side effect; quota reconciliation; lỗi provider; retention purge đúng scope; drill incident và rollback.,,,
E01,E01,Dẫn nguồn chủ động,P6 sau core,In progress,Codex; acceptance pending,Xem đặc tả phần15: Dẫn nguồn chủ động,D: đối chiếu phần15; không phải HiChat đã xác minh,H08 H10 H11 H31,"Kiểm nguồn đúng câu trả lời, từ chối mở, nguồn bị thu hồi và quyền thay đổi; không claim đây là USP độc quyền từ brief cũ.",delivery/evidence/e01-citations-2026-09-25.txt,,
E02,E02,CRM lead và cơ hội bán hàng,P6 sau core,Backlog,Chưa gán,Xem đặc tả phần15: CRM lead và cơ hội bán hàng,D: đối chiếu phần15; không phải HiChat đã xác minh,H13 H16 H17 H25,Một contact nhiều cơ hội; đổi owner có lịch sử; manager chỉ phân bổ nhóm; tổng báo cáo bằng event. AI không tự chốt doanh thu.,,,
E03,E03,Phân tích AI ngay trong hội thoại,P6 sau core,Backlog,Chưa gán,Xem đặc tả phần15: Phân tích AI ngay trong hội thoại,D: đối chiếu phần15; không phải HiChat đã xác minh,H03 H08 H13 H25,Tắt panel không ảnh hưởng chat; dữ liệu stale được báo; đánh giá sai sửa được; không dùng phân tích làm quyết định tự động ngoài phạm vi tư vấn.,,,
E04,E04,Lark Wiki và trợ lý nội bộ,P6 sau core,Backlog,Chưa gán,Xem đặc tả phần15: Lark Wiki và trợ lý nội bộ,D: đối chiếu phần15; không phải HiChat đã xác minh,H10 H11 H21 H31,"Revoke tại nguồn, chuyển phòng, nghỉ việc, link trực tiếp, citation/snippet/cache; sai quyền phải chặn ở retrieval và nguồn.",,,
E05,E05,Vai trò kinh doanh và dashboard quản lý,P6 sau core,Backlog,Chưa gán,Xem đặc tả phần15: Vai trò kinh doanh và dashboard quản lý,D: đối chiếu phần15; không phải HiChat đã xác minh,H13 H16 H24 H25 H31,Ma trận role×action×scope; staff không nhìn nhóm khác; Leader không có raw key; phân quyền biểu đồ/export cùng phạm vi với UI.,,,
E06,E06,Onboarding dữ liệu ba nhóm,P6 sau core,In progress,Codex; acceptance pending,Xem đặc tả phần15: Onboarding dữ liệu ba nhóm,D: đối chiếu phần15; không phải HiChat đã xác minh,H02 H10 H11 H31,"Tài liệu bị chặn không được index; cảnh báo có lý do và đường xử lý; nhóm khuyến khích phải phân audience, không auto-public.",delivery/evidence/e06-onboarding-2026-09-25.txt,,
E07,E07,Ticket và SLA nâng cao,P6 sau core,Backlog,Chưa gán,Xem đặc tả phần15: Ticket và SLA nâng cao,D: đối chiếu phần15; không phải HiChat đã xác minh,H03 H06 H24 H29,"Không mất bối cảnh, retry không nhân ticket, note không ra widget, SLA có dataset tính tay và reopen policy.",,,
E08,E08,Catalog đơn hàng và connector giao dịch,P6 sau core,Backlog,Chưa gán,Xem đặc tả phần15: Catalog đơn hàng và connector giao dịch,D: đối chiếu phần15; không phải HiChat đã xác minh,H13 H14 H21 H32,Không coi order mock là doanh thu; duplicate timeout không trừ hai lần; giá thay đổi yêu cầu xác nhận lại; thất bại có log nguồn.,,,
E09,E09,Thuê bao thương mại và hóa đơn,P6 sau core,Backlog,Chưa gán,Xem đặc tả phần15: Thuê bao thương mại và hóa đơn,D: đối chiếu phần15; không phải HiChat đã xác minh,H23 H28 H32,"Provider event trùng, webhook trễ, thất bại, refund, downgrade; usage trace được và không lẫn token/response/conversation.",,,
E10,E10,Đa kênh và hệ sinh thái tích hợp,P6 sau core,Backlog,Chưa gán,Xem đặc tả phần15: Đa kênh và hệ sinh thái tích hợp,D: đối chiếu phần15; không phải HiChat đã xác minh,H03 H13 H21 H30,Mỗi connector cần token revoke/rate limit/retry/receipt; mapping identity không gộp nhầm người; một kênh hỏng không ngắt website.,,,
E11,E11,Cá nhân hóa phong cách theo sale,P6 sau core,Backlog,Chưa gán,Xem đặc tả phần15: Cá nhân hóa phong cách theo sale,D: đối chiếu phần15; không phải HiChat đã xác minh,H08 H09 H16 H31,"Sale chuyển nhóm/role, rule mâu thuẫn, nguồn cấm, revert version; cá nhân hóa không thay giá/chính sách hoặc lộ tài liệu.",,,
E12,E12,Mở rộng vận hành sau pilot,P6 sau core,Backlog,Chưa gán,Xem đặc tả phần15: Mở rộng vận hành sau pilot,D: đối chiếu phần15; không phải HiChat đã xác minh,H22 H28 H32,Load theo workload đã chốt; restore RPO/RTO đo thật; kill switch/rollback; kiểm quyền support; không phát lại side effect sau khôi phục.,,,
